"","V1","V2","V3","V4","V5","V6","V7","V8","V9","V10","V11","V12","V13","V14"
"1",-0.158237450328083,-0.00234032763856339,-0.640376632711328,-0.012950445664248,NA,6.86864934940398,NA,-6.98765818607323,NA,NA,0.250497370414687,NA,-0.000168007134994817,NA
"2",-0.0923284162501192,0.0782283846043582,-0.472797652006482,-0.00668354991675141,NA,NA,NA,-4.824745123222,-0.00157757778869542,NA,0.254168036566425,NA,-0.00034885568639367,NA
"3",-0.213285115358396,0.0163233799401543,-0.629794794666197,-0.0106366356717865,NA,9.36000604555906,NA,-4.41303284122113,-0.00106533175517564,0.103868168100052,0.243122525133405,NA,-0.000274313535999089,NA
"4",-0.217600603362944,0.0183017483227256,-0.565091988453362,-0.00968471627226449,NA,7.5970585066148,NA,-2.65470431242426,-0.000654714635720778,NA,0.366967368269912,NA,-0.000102675363105567,NA
"5",-0.104865627972665,0.0162519337806899,-0.533772368004029,-0.0271166595955756,0.408130620866475,8.87935495432449,-5.90535485913288,-4.14548919169231,NA,0.200626868633258,0.253960393755474,NA,-0.000259076091475692,NA
"6",-0.0724580396242837,0.0173011043265788,-0.689863752242002,-0.0107347431223804,NA,NA,-2.95974072561283,-9.24383119116356,-0.00205919255602792,NA,0.0997289457618047,NA,-9.4414081900464e-05,NA
"7",-0.224803051863653,0.0272235303699735,-0.16197922325966,-0.00837711864724006,NA,9.19099535749077,-7.4433765779014,-4.84032874617785,NA,0.296023216450452,0.314514501927087,NA,-0.000114415839469006,NA
"8",-0.108722149050082,0.0240964655270637,-0.874884700791281,-0.0115582904968119,NA,2.14894937984985,NA,-2.28906924033843,NA,0.19545113303864,0.248972021896965,NA,-0.000134247767163418,NA
"9",-0.194831072981196,0.0231788696763743,-0.525592956802741,-0.00686654367022275,NA,NA,NA,-1.94660012185633,-0.00107110048597652,NA,0.326682739634934,NA,-0.000167133681664751,NA
"10",-0.18834367354073,0.0211516312981289,-0.583259374855656,-0.0117945783021547,NA,4.0936073797743,-3.97061183912308,-5.98734011213561,NA,0.265897419908287,0.208504988365658,NA,-0.000121103287929284,NA
"11",-0.201018515884154,0.0179219912250106,-1.03967925403925,-0.0117516151153453,0.213259335102017,5.04684294433113,NA,-7.70532952756861,NA,-0.423549381485075,0.60204320704678,NA,-0.000375745914819156,NA
"12",-0.139905999921192,0.0285897280618961,-0.537543121820944,-0.013023135782069,NA,NA,-4.2801478282901,NA,NA,-0.0400804746006655,0.299056731118859,NA,NA,NA
"13",-0.14575402005249,0.0272420119255344,-0.572376101567089,-0.00617312076576239,NA,NA,NA,-2.60731933858112,-0.000400287087401784,NA,0.105398207497188,NA,NA,NA
"14",-0.303391294438613,0.0154247663923722,-0.708189383304589,-0.0068656818482864,NA,7.16824772336507,NA,NA,NA,-0.548193340038878,0.249385659622152,NA,NA,NA
"15",-0.179022962678211,0.0490000698620441,-0.486545617481921,-0.0116568406872035,0.205855265605912,5.50802321006905,-3.14001858969795,-4.02005383378382,NA,0.0447351316149185,0.178554596258272,NA,NA,NA
"16",-0.119626898396131,0.0184909185299032,-0.579207366184667,-0.0110803441287463,NA,NA,-6.47762003943145,NA,-0.00105818282341681,-0.243874345249327,0.145326762015605,NA,-0.000372597940122247,NA
"17",-0.176251633760219,0.0228709859519867,-0.719920738872683,-0.0104017869562519,NA,2.95890189666803,-6.06179673652891,-3.51767952911628,NA,NA,NA,NA,NA,NA
"18",-0.204910758633276,0.0142788684052735,-0.510747013310224,-0.00725143867631334,NA,7.98320005264912,NA,-3.2701298701688,NA,NA,0.266029591414757,NA,-0.00011003714969375,NA
"19",-0.172468537487959,0.0550854742417481,-0.657868708509961,-0.0138639323723801,NA,5.6847100329905,-3.54516412776822,-2.81871024342261,-0.00123558845493201,0.228503776483456,0.205100579510135,NA,-0.000234253851848835,NA
"20",-0.162887839663461,0.0190199189843137,-0.653184572018292,-0.0108854381557943,NA,NA,-3.13905371993395,2.65577298493645,-0.00161128495192032,0.00720147165714986,0.615995620321883,NA,-0.000199865942096676,NA
"21",-0.13785341331164,0.00658993589182945,-0.407591354470131,-0.00571430920885125,NA,8.50090163948223,NA,NA,-0.00127133496520859,-0.124255837866559,0.19304060258208,NA,-6.83908987317087e-05,NA
"22",-0.188954020339779,0.0184138014223056,-0.722939435177731,-0.0124001124010128,NA,8.97707668460182,-7.22898340178568,-4.86102734982219,NA,-0.0995519560682563,NA,NA,-0.000202762390632436,NA
"23",-0.148996610370204,0.0293777393927957,-0.608494657558316,-0.00907099733053169,NA,7.58816117291365,-5.35295092499841,NA,-0.00153659947015457,NA,0.306358603662894,-0.00015677380610056,-0.000128899901433389,NA
"24",-0.162376117096619,0.0606854712416023,-0.572825718180378,-0.011477483666918,NA,8.79108837864966,-6.7152646745602,NA,-0.000899208261889904,-0.280480221366513,0.16357129549463,NA,-0.000244548665249898,NA
"25",-0.172045200083029,0.0286530747039338,-0.565256807346933,-0.00462865171750615,NA,NA,NA,-7.88210347559846,NA,NA,0.0728794375570006,NA,-7.52622828295344e-05,NA
"26",-0.128567621326688,0.0367504168015071,-0.658495052548026,-0.00964941356285158,NA,9.73675317178413,NA,-8.86137464281177,NA,0.318565139865065,0.29219201283371,NA,-0.000108095281792938,NA
"27",-0.191755758656779,0.013715880698379,-0.62055145288941,-0.0154863729186104,0.137537002431415,7.09436244030097,-5.17254075578456,-8.84471056382578,NA,-0.0909948089127251,0.230948754666108,NA,-0.000119577801017679,NA
"28",NA,0.00848595199401927,-0.537040978845818,-0.0219381591146548,NA,1.23185644507426,-3.80281044654817,-6.09803251823412,-0.000837460836555237,NA,0.146923591067163,NA,-0.000106129147084007,NA
"29",-0.113875690256034,0.0147058219272798,-0.64276702780475,-0.0104166862638297,NA,10.5249230904585,NA,-5.63909884717815,-0.00138712200154282,-0.409714755342747,0.149648812329807,NA,-0.000118113562404648,NA
"30",-0.183417829786992,NA,-0.590215469264689,-0.0118185292979049,NA,NA,NA,NA,NA,-1.26858607003432,0.243198122417472,NA,NA,NA
"31",-0.124668404457156,0.0175190237013957,-0.541226515177215,-0.0101928140427303,NA,1.9959990555957,-4.90256406309235,-6.03893545695107,-0.00113687026333447,0.204730471199595,0.216735357343338,NA,-7.29412113474203e-05,NA
"32",-0.197542415871153,0.0149584678992165,-0.588545504531701,-0.0100843092073212,NA,7.53671491507172,-5.05903436556616,-3.30252264009665,NA,NA,0.652238873828544,NA,NA,NA
"33",-0.118466416923053,0.0292830060490656,-0.592269686129352,-0.00846403960029379,NA,8.71815672370432,NA,-9.05174644232701,-0.00135733162705135,-1.27527427063114,0.311537546980122,NA,-0.000259721987572482,0.625544535856705
"34",-0.15930333231017,0.0173230265081068,-0.767005319795217,-0.0075318608468539,NA,NA,NA,-0.906324657446991,-0.0010387241967338,NA,0.225359811745544,NA,-0.000157438373378328,-0.326038338653027
"35",-0.195958233576605,0.0198511882221218,-0.550573390166116,-0.00779701521821544,NA,9.38602440794986,NA,-4.40462871009423,NA,NA,0.306778153573839,NA,-9.59803112874984e-05,NA
"36",-0.115343591027099,0.0288197787577359,-0.575982149081813,-0.00910962666140577,NA,7.69681338281986,NA,-8.22876677365061,NA,-0.0176718103358325,0.226716469143234,NA,-8.16437375125743e-05,NA
"37",-0.16660350733581,0.024927514215977,-0.608596324357301,-0.0114893178057272,NA,6.08758330673091,NA,-3.63328242332257,-0.000991044711532877,NA,0.280476029534247,NA,-8.64239986810728e-05,NA
"38",-0.13978793118476,0.0206494125774311,-0.75033830026992,-0.0126802637795083,NA,NA,-6.31057603881532,-10.1191849740657,NA,-0.431480019450586,0.302924107816113,NA,-9.96002707157982e-05,NA
"39",-0.225436977358737,0.0168098937203658,-0.561663272619678,-0.0101729506314126,NA,9.03139132645953,NA,-6.84027510238795,-0.00104221778561719,-0.45610254816863,NA,NA,-0.000111283106785625,NA
"40",-0.157800222350482,0.0114250890603335,-0.539135755455245,-0.0128842874861416,NA,4.62336325745262,NA,NA,-0.000692393607353637,0.139429062617321,0.0912682887036299,NA,-0.000101988684823441,NA
"41",-0.135796118994632,0.0190909497627286,-0.733402430607425,-0.0109894935564111,NA,NA,-3.68270333254692,-3.80881087196465,-0.00149898321350712,-0.575875999741465,0.294608665186798,NA,-0.000170280661508496,NA
"42",-0.205481480217909,0.0174989366846503,-0.684920765438029,-0.00847696257758945,NA,12.7077768830924,NA,NA,-0.000707412712336676,-0.150261753476371,0.287636937637137,NA,NA,NA
"43",-0.118019183543555,0.0292973738660653,-0.710653356602038,-0.00927898338478722,NA,4.189855379666,NA,-4.81400918842703,-0.00172103539647149,0.187777408054867,0.26313357333611,NA,-6.43281425374987e-05,NA
"44",-0.169709521593271,0.00618519310831314,-0.617011414460867,-0.0113947535637736,NA,NA,NA,-8.19860437012677,NA,NA,0.269123530399086,NA,-0.000102403840584083,NA
"45",-0.13229563369657,0.0179845164665419,-0.584850678450331,-0.0197131258641926,NA,NA,-2.4981605638711,-3.34988413811981,-0.00105086200299744,NA,0.304845543334955,NA,-8.08431356197467e-05,NA
"46",NA,0.0187501326809193,-1.16911119547518,-0.0119577866641682,NA,10.7903758046139,-8.5650886302408,-9.63087796575755,0.00103378993342032,-0.0318162372547071,0.231741585103249,NA,-0.000308434404065881,NA
"47",-0.147548439953952,0.0236066480905673,-0.654926082756102,-0.00924013369896932,NA,6.69529680453475,-4.3390567038611,-7.02631516186739,-0.00129606709770365,-0.152186958341447,0.27617706853804,NA,NA,NA
"48",-0.191500756830167,-0.00406784630001044,-0.814072126779345,-0.0266182843964732,NA,NA,NA,-9.73833024898542,-0.000815806874484599,NA,0.244820055766228,NA,-0.000181634577807043,NA
"49",-0.143728625752097,0.0193316046746754,-0.52054129622692,-0.0095108545127323,NA,9.59928509167241,-5.29038637278568,-7.30140095174277,4.67899052171266e-06,NA,0.426291227473388,NA,-8.48857730649376e-05,NA
"50",-0.120887033617163,NA,-0.507885111781779,-0.00843270331977303,NA,NA,-3.85571475517015,-5.38895810815162,-0.00115604192368896,NA,0.142110270871687,NA,NA,NA
"51",-0.184406955095071,0.0272365999584394,-0.633172267066284,-0.0118592732434898,NA,9.3266299968344,-2.02288265463996,NA,-0.000926115761521164,0.0578829487588859,0.279585404813061,NA,-0.000224950484455227,NA
"52",-0.173320768376358,0.0148748060271427,-0.894792475572511,-0.00868965844529681,NA,6.32138791719267,-5.39233777540884,-8.75152573117381,-0.000929685189658829,NA,0.331231952651621,NA,-0.000219921574081547,NA
"53",-0.0913342830966977,0.0273152184342641,-0.651937013180826,-0.00784823050015021,NA,NA,-2.75417364662823,-2.74811355726599,NA,NA,0.162336397017603,NA,-0.000100013534427231,NA
"54",-0.170146734817343,0.0649234629057485,-0.554096971677444,-0.00839634779667359,NA,6.72627550180957,-8.33729675474654,-4.44794359591867,NA,-0.536974620590134,0.322221202748631,NA,-0.000156006715877995,NA
"55",-0.114334385729043,0.0359113022250413,-0.933044537759012,-0.0188581684857866,0.132638099176362,10.0395165847661,NA,-3.7317866637551,-0.000881806451759717,NA,0.197212788836752,NA,-0.00016254918249511,NA
"56",-0.165799514047262,0.0144745128728502,-0.684667280697745,-0.00875512424684957,NA,NA,NA,-7.49421030663963,NA,0.707577119368148,0.299919544043373,NA,-0.000304988955984745,NA
"57",-0.135225176178665,0.0168588520188125,-0.543925798672351,-0.00734626047063175,NA,6.90043770578121,-4.29443783462088,NA,NA,-0.131379663625808,0.261332767446126,NA,-7.93494410221671e-05,NA
"58",-0.167285465451149,0.0243916680731798,-0.537378917070939,-0.0100430542889517,NA,6.28442138892252,-1.6682222704964,NA,-0.00106128268229924,NA,0.147127030783479,NA,-0.000248512005609592,NA
"59",-0.125776961929836,0.0097320344571419,-0.587241771771066,-0.00985373126807894,NA,12.6674763684171,NA,-5.61276457612046,-0.001463194789477,-0.564850973265388,0.250386266530762,NA,-0.000201653155457995,0.09211147850714
"60",-0.145133582817883,0.0218103409490048,-0.832601781870144,-0.0138824622770198,NA,7.28933272925345,NA,-8.92389139814951,-0.0011917223691043,NA,0.29807347530145,NA,-0.000357368756716133,0.0895348837231067
"61",-0.0820700394571487,0.0184685876526542,-0.540795514363006,-0.0130875537788397,NA,8.05087921255905,NA,-3.88599661470864,-0.00151422620721437,NA,0.312902336062938,NA,-0.000301368810848408,NA
"62",NA,0.0162498472697491,-0.583125638899302,-0.0110364169791163,0.25705898092246,13.0651163627706,NA,-2.92962951752626,-0.000897379142887879,0.339703094892206,0.283278480730589,NA,-0.000199558308681293,NA
"63",NA,0.0320130739547832,-0.452424899709676,-0.00578609951558584,NA,4.62713396196319,NA,-3.69642892087438,-0.00126739928177859,NA,0.172488807887115,NA,NA,NA
"64",-0.164978095864715,0.0244712488365695,-0.541257546539001,-0.0119495277546142,NA,9.91570566354712,-7.30109559082686,NA,NA,0.497446143379196,0.276583964738192,NA,NA,NA
"65",-0.232233242818712,0.026352254281962,-0.521357706723565,-0.0108987258478942,NA,7.21860253331542,NA,-6.77709301544888,8.44882935078673e-05,-0.573739007477466,0.229240370285241,0.0230558640873099,NA,NA
"66",-0.175305758580294,0.0179925726776151,-0.517289420057067,-0.011374476526605,NA,2.73776586036632,-8.1699982673384,-8.3537859151709,-0.00170098441607598,-0.751257689572718,0.593354324828758,NA,-0.000269195461523842,NA
"67",-0.151168693606967,0.0136678944440345,-0.595868241334562,-0.0123715442415359,NA,7.72793502056819,-4.89645499510537,NA,NA,-0.620927753893759,0.266052328168039,NA,-0.000195105122978009,NA
"68",-0.190656179287279,0.0256864678095331,-0.561581046134607,-0.0101508759085944,NA,NA,-6.36908172744973,-9.25470549706891,-0.00182676868064339,-0.463766716022566,0.433666655451303,NA,-9.75962896551051e-05,0.66591661580894
"69",-0.205271555466279,0.0187141313953719,-0.625177963001762,-0.0112733833357585,NA,9.17909592405923,-5.55998279843625,-7.05003318626344,NA,NA,0.0557142461611206,NA,-0.000117591683720181,NA
"70",-0.185839891849089,0.0659361326444542,-0.486796526502691,-0.00909735884574954,NA,1.43487246045171,NA,-4.87672899456344,-0.00081502454147672,0.408786048811231,0.332780257106628,NA,-0.000179755802561548,NA
"71",-0.105293302498789,0.0212563419495038,-0.601373868687646,-0.0148175161332273,NA,9.29334249367539,-8.89844821202141,NA,-0.000236894801202298,0.0430791779676575,0.31853557385034,NA,1.42570503849913e-05,NA
"72",NA,0.0159234644158059,-0.592343365457386,-0.0140971121184372,NA,8.91933931837434,-3.94405931505091,-4.42360875844157,-0.000931444079421947,NA,0.297760534077967,NA,-9.7861943803957e-05,NA
"73",-0.122434509208742,0.0651781883422838,-0.686417958078604,-0.0135361956772397,NA,NA,NA,-6.72534687919535,NA,-0.168814005638456,0.346218231005253,NA,-0.000292562624311357,NA
"74",-0.146548810285436,0.01988391280683,-0.584025316347007,-0.010389082011283,0.461647783328591,5.77473274572099,NA,-9.11357241238931,-0.00142905451089618,-0.0923854457521435,0.0836797617397555,NA,-0.000103637013611453,NA
"75",NA,0.0412447785976103,-0.514701076906134,-0.00948186459318899,NA,7.52914576003624,-3.86369170471454,NA,-0.00104188811879076,-0.305223702406092,0.179848264837474,NA,-0.000154399596809255,NA
"76",-0.186674728934529,0.0145657861275617,-0.469480533793042,-0.00831308838216094,-0.112407020000208,2.56540780275805,-4.19655423079497,-3.20291299643145,-0.00109876030358048,0.0909351454471249,NA,NA,NA,NA
"77",-0.143761622003175,-0.0079334397885995,-0.520711700346436,-0.0143406688451452,NA,8.23620582549932,-3.14155206559755,-3.15852200689526,0.000183441880238984,-0.74485079727908,0.243923709730111,NA,NA,NA
"78",-0.172328197248234,0.0146663430392515,-0.948099395945668,-0.0102158734642785,NA,17.3600699016672,-7.05334931878518,NA,NA,-0.399526610981194,0.363682827435966,NA,-0.00027116830692806,NA
"79",-0.187061719896832,0.0192386981946999,-0.859092548581641,-0.00909783220190165,NA,NA,-2.81675095216913,-2.82242267225235,-0.00159862902893245,0.211626531580156,0.268831153842585,NA,NA,NA
"80",NA,0.021854284792253,-0.780166950755131,-0.0126984947968242,0.20701579046518,6.94767754254019,NA,-6.80284614674076,-0.000914854372342746,NA,0.245283524409453,NA,-0.000103753158727227,NA
"81",-0.121794447627538,0.0193725635215023,-0.539801230356124,-0.0124066655677328,NA,7.7648521707725,NA,-9.48541935566538,NA,-0.163006801724757,0.475574356012916,NA,NA,NA
"82",-0.0775354494264854,0.0160130453254117,-0.540702656270955,-0.0185319328554679,NA,7.69731368024138,-0.277764690163527,-7.31026431104747,NA,-0.158208377647308,0.189734468936468,NA,NA,NA
"83",-0.0990249966158743,0.0271659032720072,-0.575880514421308,-0.0086295997068661,0.18070327835899,7.97990501562438,-6.64904549474068,-7.88216796127784,NA,0.076906048151671,0.281199292913642,0.0576031348132494,-0.000160103276787929,NA
"84",-0.132321543306621,0.033806841736326,-0.59008221731128,-0.0110973521477343,NA,7.47627779174141,-2.97803888712572,-8.95259528412118,-0.00511338249981787,NA,0.293062523435319,NA,NA,NA
"85",-0.173622328351206,0.0159285958158857,-0.688736847144848,-0.0287071718399219,NA,NA,NA,-5.22643585189754,0.000108421390144533,-0.903097944822951,0.210085882156718,NA,-0.000200563671726608,NA
"86",-0.151582412453192,0.0695477944764313,-0.791972693448483,-0.0147532889583345,-0.074099240741342,14.9630675766139,NA,-4.17023401909789,NA,0.0667063390009146,0.248106571802249,NA,-0.00013531102270655,NA
"87",-0.0955565610970209,0.0134547980151292,-1.14919214432626,-0.00900360381436515,NA,NA,NA,-7.70803418565682,-0.000931808021010442,NA,0.145936022020526,NA,-9.59050419872253e-05,NA
"88",-0.200091626430794,0.0183824588910304,-0.590849018530221,-0.00759090832940129,0.302086585082373,9.46813002720764,NA,-5.11749737004225,-0.00108550191080064,NA,0.232792050694905,NA,-0.00027215194510796,NA
"89",-0.104100841814778,0.0265729178764461,-0.999831374556016,-0.00807771017897873,NA,10.9682873878833,NA,-6.5512225277179,NA,NA,0.287474686039319,NA,-0.000285772095108855,NA
"90",-0.123216555646226,0.0303283517576621,-0.241717613108142,-0.0111529436569711,NA,11.2680459803357,-5.26492826383386,-3.68469068135709,NA,0.000692957770453657,0.233588543699646,NA,-0.000252098566655764,NA
"91",-0.0850563401644426,0.0151206611691452,-0.566205872653177,-0.00916919522361115,NA,NA,NA,-9.17279826490411,NA,NA,0.332586567335764,NA,-8.43594007185433e-05,NA
"92",-0.164666667856551,0.0155562280349433,-0.823897109136192,-0.0125769039810489,NA,9.87715146125197,NA,-2.69348479943214,NA,NA,0.279803542254085,NA,-0.00010091647192454,NA
"93",-0.187804288865044,0.0166822489149666,-0.609051117983146,-0.00865136095541738,0.149005414089685,6.51780338414881,-6.66401304688241,NA,NA,NA,0.660346690622395,NA,-0.000132015100819402,NA
"94",-0.162311504998058,0.0216483005358014,-0.517585221760197,-0.0100853254965036,NA,NA,-2.39805414595944,NA,-0.000773649339694005,0.155337141164497,0.254131961331652,0.0158818510261114,NA,NA
"95",-0.205199952405989,0.0166499926135041,-0.553855298153073,-0.0115539730250517,0.106386281873756,NA,-5.80106960980765,-2.93259486730499,NA,NA,0.104713358728848,NA,-0.000199784612113241,NA
"96",-0.0766100284030366,0.0329571050631802,-0.554940248103594,-0.0133469305492968,NA,8.90610665403502,-5.31035992952624,NA,NA,0.00452509293060096,0.280499650497386,NA,NA,NA
"97",-0.219285114843303,0.0191877189049666,-0.605427857874036,-0.00600548034737306,NA,6.98560371868771,NA,-6.88529769133591,NA,0.125477201203611,0.196626919439012,NA,-0.000253804089846419,NA
"98",-0.207234277272517,0.019197467663822,-0.616397376888002,-0.0132915772922879,NA,5.89895642449852,NA,-8.60849449019357,NA,NA,0.243789392850069,NA,-8.31469635439024e-05,NA
"99",-0.132390283747384,0.0406722748112463,-0.933488756410165,-0.022574607393363,0.428142350759476,10.4477597211352,-6.84957732833249,-9.29501967653175,NA,0.343763009067327,0.222206631641941,NA,-0.00019141975452843,NA
"100",-0.106961756050672,0.0192095684348016,-0.527779689396739,-0.0198453330645121,NA,8.07310778382384,NA,-5.06297559976564,NA,-0.507126490699218,0.302531820792849,NA,-0.000313196399452901,NA
"101",-0.107900516212636,NA,NA,-0.00150053675289896,NA,NA,NA,NA,NA,NA,NA,NA,NA,NA
"102",NA,-0.0139312231269956,NA,-0.00240965597193359,NA,0.43957825719861,NA,NA,NA,NA,0.0534753770975413,NA,NA,NA
"103",-0.111891713158768,NA,NA,-0.00303235773685577,0.0153339291142264,0.449634717899679,-1.01041587120918,NA,NA,-0.188050959615089,NA,NA,NA,NA
"104",-0.0956257283948275,-0.0137808178131802,0.115860520312024,NA,NA,1.62525288362332,-1.0800564163905,NA,-0.000870464489775978,NA,NA,NA,NA,NA
"105",-0.0194064909435944,-0.0122452917749245,NA,-0.0052330260256254,NA,0.893587505996995,NA,NA,NA,NA,NA,NA,NA,NA
"106",-0.041007707658536,NA,0.151843567158892,-0.00173214254551378,NA,0.482742276674269,-0.899444218447161,NA,NA,NA,NA,NA,NA,NA
"107",-0.0648273678963328,NA,NA,-0.00315119541026324,NA,1.09970187381627,-1.04024580937193,NA,NA,NA,0.0203392964239957,-0.005069329419007,NA,NA
"108",-0.0758402494677536,NA,NA,-0.00176454457327487,NA,NA,NA,-2.9955143775017,NA,NA,-0.0477021404832184,NA,NA,NA
"109",NA,-0.0152061386781775,NA,-0.00258464848316396,NA,1.37446606025866,-0.87062740981615,NA,-0.00100086351206743,-0.0975114930229952,NA,NA,NA,NA
"110",-0.0961209748759114,-0.0385670181803457,0.286008849829573,-0.00255971906206788,NA,0.470482429968363,NA,NA,NA,NA,NA,NA,NA,NA
"111",NA,NA,NA,-0.00208764691499216,NA,2.05242953671148,-0.933477245341391,NA,NA,NA,NA,-0.0175872130100764,NA,NA
"112",-0.100673863153927,NA,NA,-0.0050679101256673,NA,NA,NA,-1.46422853931521,NA,NA,NA,NA,NA,NA
"113",-0.0985935659535797,-0.0182417092538248,NA,-0.00136703829789866,NA,1.34806711116936,NA,NA,NA,NA,NA,NA,NA,NA
"114",-0.115286766886378,NA,NA,-0.00588776281095623,0.00723306800691522,1.71166341207814,NA,-4.21527962509295,9.72049718731718e-05,NA,NA,-0.0124032626550542,NA,NA
"115",-0.109809923778422,NA,NA,-0.0061352543738308,NA,0.369793321455956,-1.15075313422987,NA,NA,-0.126848794622057,NA,NA,NA,NA
"116",-0.0855511877897499,-0.0144987181642321,NA,NA,-0.0196681655876837,1.47980457731629,-1.5149303658791,NA,NA,NA,NA,-0.00118462589587319,NA,0.126875724364676
"117",-0.0819185795429179,NA,NA,-0.00651139582512408,NA,NA,NA,NA,NA,-0.142590364702284,NA,NA,NA,NA
"118",-0.0304330153932526,-0.013283983639584,NA,-0.00133526775560141,NA,0.714123085433642,NA,-3.76218196417549,NA,-0.531872897787661,NA,-0.0183716154471658,NA,NA
"119",-0.103150109201875,NA,NA,NA,NA,1.51062978407967,NA,NA,NA,NA,NA,-0.0104479164761739,NA,NA
"120",-0.0954567330234211,NA,NA,-0.00189382963907682,NA,NA,-2.33927607504358,NA,NA,NA,NA,-0.014269326603718,NA,NA
"121",-0.11309545689925,NA,NA,NA,NA,1.82988804809691,NA,-3.08554139974727,NA,NA,NA,-0.0122378014370927,NA,NA
"122",-0.101201346022465,NA,NA,-0.00414625333526709,NA,0.783724914513769,NA,NA,NA,-0.182590437794815,NA,-0.00818656397543948,NA,NA
"123",-0.0972775686740917,NA,NA,-0.00105087194201152,NA,0.910988176073544,NA,-3.81591727153297,NA,NA,0.0753902163367005,NA,NA,0.0888055034387176
"124",-0.0855060654868901,NA,NA,-0.00363704903795031,NA,NA,NA,NA,NA,NA,NA,NA,-0.000280561941196869,NA
"125",-0.066276300467113,NA,NA,NA,NA,1.81747883541694,-1.22608987181354,NA,NA,NA,NA,-0.0151991848195788,NA,NA
"126",-0.0963296008355595,NA,NA,NA,NA,1.6743413246804,-1.11475861223743,NA,NA,NA,NA,-0.0119329771398153,NA,NA
"127",-0.0821550159914523,NA,NA,-0.00269199365611671,NA,0.989711922452307,NA,NA,NA,NA,NA,-0.00644598050903587,NA,NA
"128",-0.107669049928874,NA,NA,NA,NA,1.45676871907787,NA,NA,NA,-0.132271087148349,NA,-0.0108076528432277,NA,NA
"129",-0.107177059217577,-0.00646764893912362,0.127659762201706,NA,NA,0.81101105889248,NA,NA,NA,-0.413288415519667,NA,0.00620861640765371,NA,NA
"130",-0.0780452453552413,NA,NA,NA,NA,0.795496533770616,NA,NA,NA,NA,NA,-0.0139847501149992,NA,NA
"131",0.00259386529521218,-0.015154199792426,NA,-0.00347321410037664,NA,0.509881907497531,-0.961033486351819,NA,NA,NA,0.0589139874711919,NA,-0.000469913543139026,NA
"132",-0.0738227713579566,NA,0.163307402962798,NA,NA,0.449732015044764,NA,-1.43359620985658,NA,NA,NA,NA,NA,NA
"133",0.0145455675379393,NA,NA,-0.00381664818709022,NA,0.486395144931018,NA,NA,NA,NA,NA,-0.0222202615237437,NA,NA
"134",-0.093385987205397,NA,NA,-0.00132553433267553,NA,0.60731984748391,-1.21711052539059,NA,NA,NA,0.0610922573390525,-0.0247424650369056,NA,NA
"135",-0.0894938203102199,-0.00998169499157843,NA,NA,NA,0.51553314445926,-1.91916918472353,NA,NA,-0.129338018042252,NA,-0.0146168145454163,NA,NA
"136",-0.0969401038539878,NA,NA,NA,NA,0.443589571120422,-0.927254171490463,NA,NA,NA,NA,-0.0210091353830786,NA,NA
"137",-0.0795104471603263,NA,NA,NA,NA,1.04333286912176,NA,NA,NA,NA,NA,-0.0133952139612799,NA,0.00861571827227638
"138",-0.106540209704764,NA,NA,NA,NA,1.33975990947551,NA,NA,0.000324426332470948,NA,NA,NA,NA,NA
"139",-0.108586787812308,NA,-0.147225980139607,NA,NA,0.603566563470283,NA,NA,-0.000564306967510274,NA,NA,-0.0116973519570841,NA,NA
"140",-0.0663336494929834,NA,NA,NA,NA,1.35915323770893,NA,-1.40960691437305,NA,NA,-0.0405932607827623,NA,NA,NA
"141",-0.0980055733803482,NA,NA,-0.00118945026340821,NA,NA,-1.12679814614258,NA,NA,NA,NA,NA,NA,NA
"142",-0.0722797303338363,0.0192369123106938,NA,-0.00409610381912214,NA,0.855496997092874,-0.756556000627952,NA,NA,NA,NA,NA,NA,NA
"143",-0.109802086762299,NA,NA,NA,NA,1.62675053678264,-1.43589600535308,NA,NA,-0.114530539097948,NA,NA,NA,NA
"144",-0.093856969087511,NA,0.201961843988687,NA,NA,2.01926057628669,NA,NA,NA,NA,NA,-0.0102066279025477,NA,NA
"145",-0.106501872005807,NA,NA,-0.00132614948174118,NA,0.935454623631631,NA,NA,NA,NA,NA,NA,NA,0.0716051031983389
"146",-0.0902813437190912,NA,NA,-0.00135402455488758,NA,1.41712019001323,NA,NA,NA,NA,NA,NA,-6.04731085212832e-05,NA
"147",NA,NA,NA,-0.00364408116864462,NA,0.659231646877778,NA,NA,NA,NA,NA,NA,NA,NA
"148",-0.109543880421545,-0.00133479835512733,0.195665562531877,-0.00246302686038352,NA,1.01320884070928,NA,NA,NA,NA,NA,NA,NA,NA
"149",-0.077730063283808,-0.0253593239889738,NA,-0.0043263430727152,NA,0.610338158636954,NA,NA,NA,NA,NA,-0.0158486314288788,NA,NA
"150",-0.106676534143589,NA,NA,-0.00351218850595354,NA,0.634523189782045,-0.838748053029659,-3.55514386030734,NA,-0.0587499155773346,NA,NA,NA,0.121785056652845
"151",-0.114517795827664,NA,NA,-0.00353130627394455,NA,0.516826425940489,1.37923568596167,NA,NA,NA,NA,-0.0119314813633366,NA,NA
"152",-0.112858081659595,NA,NA,-0.00117303949830578,NA,0.45232338431863,NA,-1.89451819765524,NA,NA,NA,0.000411345833441134,NA,NA
"153",0.0640725184038001,NA,NA,NA,NA,2.0027770994884,NA,NA,NA,NA,NA,NA,6.37125429851415e-05,NA
"154",-0.020068640356275,-0.0135130999619122,NA,-0.00448933689045774,NA,1.16038580249675,NA,NA,NA,-0.224639359457421,NA,-0.0154456694820859,NA,NA
"155",-0.0960170896968897,NA,NA,-0.00351321362567439,NA,0.413806892373056,NA,NA,NA,NA,0.037917263406725,NA,NA,NA
"156",-0.103474158309503,NA,NA,-0.00354330800709965,NA,NA,-0.606059530295871,NA,NA,NA,-0.0289850067971986,-0.0186056898710006,NA,NA
"157",-0.0756001135716885,0.00210015391664745,NA,-0.00205749608287339,NA,0.973008772435623,-1.36177193673453,NA,NA,0.0765662470937568,NA,-0.0141013315578387,NA,0.0501965725188336
"158",-0.0992272156315039,NA,NA,NA,NA,0.378897817397231,NA,NA,NA,0.217029350723912,NA,0.00029898299480351,NA,NA
"159",-0.118531424470696,-0.0227173007403679,NA,NA,NA,0.483407480119604,-0.963721767694235,NA,NA,NA,0.0502961295596276,0.00311383889182271,NA,0.0812942406761647
"160",-0.0932479021209931,NA,NA,-0.00632756863212444,NA,NA,NA,NA,-0.000919608989733447,NA,NA,-0.0107572727755141,NA,NA
"161",-0.0668693457242208,NA,NA,NA,NA,NA,NA,NA,-0.000794062834778773,NA,NA,-0.0222365176601801,NA,NA
"162",-0.11536731144777,NA,NA,-0.00382169149866447,NA,NA,NA,NA,-0.00078964866833671,-0.102344736972217,NA,-0.0491511344881491,NA,NA
"163",-0.110277490391084,-0.0197867820103989,0.262033530955201,-0.00112450990661801,NA,1.01851842118589,0.845606615081606,NA,NA,NA,0.0241042422597006,-0.00174677376093701,NA,NA
"164",-0.0820629253025083,NA,NA,-0.000956398071059084,0.00657606101058886,0.988497034950624,NA,NA,NA,NA,NA,-0.0124252235820367,NA,NA
"165",-0.0448855802690204,NA,NA,-0.00416056180949978,NA,0.88845527293262,-1.0396155854286,NA,NA,NA,NA,NA,NA,NA
"166",-0.100155407629357,NA,-0.0496888492460674,-0.00388596471413911,NA,NA,NA,NA,NA,NA,NA,-0.00830344471651053,-0.000229065462989047,NA
"167",0.00861256664527092,NA,0.154542733813425,-0.00745083113133996,NA,NA,-0.999903980999686,NA,NA,NA,NA,-0.0103250448581407,NA,NA
"168",-0.0212363340455417,0.043024986189587,NA,NA,NA,NA,-2.48286075770816,NA,NA,NA,NA,NA,NA,NA
"169",-0.00404022269126913,NA,0.152667230087225,-0.00418145314708567,NA,0.415122600637835,NA,-1.48014662738263,-0.000515117558894629,NA,NA,-0.00553994425758749,NA,0.0623252097389291
"170",-0.0450403642095442,NA,0.328793907125016,-0.00178614568068859,NA,NA,NA,NA,NA,NA,NA,-0.0173402969766415,NA,NA
"171",-0.102469757062822,NA,NA,-0.00520042610133866,NA,0.467695812553826,NA,NA,NA,NA,NA,-0.0171296460720965,-0.000188391356448427,NA
"172",-0.0736465106698616,NA,NA,-0.00279719854072451,NA,0.559973507377714,NA,NA,NA,NA,NA,NA,NA,NA
"173",-0.0809461981143716,-0.0170503818581574,NA,-0.00340770606070007,NA,0.427369478924302,NA,-2.79915188470795,NA,-0.436513477083854,NA,NA,NA,0.036887652249665
"174",-0.101524881468173,NA,NA,-0.00108058573758932,0.0083494065188328,0.417297464161727,-1.21869811764707,-2.63267418177847,NA,NA,NA,NA,NA,NA
"175",-0.0926620402257635,NA,NA,-0.00426935174864155,NA,NA,-2.11300160362636,NA,NA,NA,NA,NA,NA,NA
"176",-0.0787390136586016,NA,NA,NA,NA,1.34729420213293,NA,NA,NA,NA,NA,-0.0290329795743941,NA,NA
"177",-0.0848349575541371,-0.0249941962078838,NA,-0.00373296379484949,NA,NA,NA,-1.58627477351705,NA,NA,NA,NA,NA,NA
"178",-0.0982475936135548,NA,NA,-0.00121089002288062,NA,0.912714714410219,NA,NA,NA,NA,NA,NA,NA,NA
"179",-0.0893259556896516,NA,NA,-0.00732950372933581,NA,1.1104147330619,-1.41634075860786,NA,NA,NA,NA,-0.0103617653284733,NA,NA
"180",-0.083215391371622,-0.0200968294285078,NA,-0.00256291261947261,NA,0.6208252261811,NA,NA,NA,-5.23607094771306e-06,NA,NA,NA,NA
"181",-0.0294800724644413,NA,NA,NA,NA,1.30834894930139,NA,-1.68558158868326,NA,NA,NA,NA,NA,0.0526214961035891
"182",-0.150200485528467,NA,NA,-0.00415696482301051,NA,0.442900222830933,NA,NA,-0.000740450625188817,NA,NA,-0.0147656185848611,NA,NA
"183",-0.066633683372997,NA,0.0918711333944391,-0.00209004341937323,NA,0.578749988871499,-1.39742960629675,NA,NA,NA,NA,-0.0260976785165556,NA,0.0595642078894306
"184",-0.0705797363260692,0.0135626893743419,NA,NA,NA,0.748926515374038,NA,NA,NA,NA,NA,NA,NA,0.119528145476671
"185",-0.0961706316350607,NA,0.219433561007126,NA,NA,1.0554931359365,NA,NA,NA,-0.503108448663542,NA,-0.0136135834837332,NA,NA
"186",-0.0884220770842575,NA,0.155651723309645,-0.00120188977852202,NA,1.26300560048723,-1.87325385241179,NA,NA,NA,NA,NA,NA,NA
"187",-0.0905060541731975,-0.0182292588718863,NA,-0.00438651373969347,NA,NA,NA,NA,NA,NA,NA,NA,NA,0.0719027317618782
"188",-0.0563004423635272,NA,NA,-0.00297935159737248,NA,1.00866432702921,NA,NA,NA,-0.342489275242744,NA,-0.0105961873215653,NA,0.060234865341905
"189",-0.0995952105429818,-0.0119275974048423,0.218379145578293,-0.00119701591728814,NA,1.15014568489943,NA,-4.18238987108733,NA,0.149988521199541,NA,NA,NA,0.0520195838441243
"190",-0.0827105537869495,NA,0.472597397273726,-0.00120109639590019,0.00754978020202708,0.502712798427871,-1.13123607157509,NA,NA,NA,NA,NA,NA,NA
"191",-0.0355123642293129,NA,0.31318633414881,-0.00742126748898934,NA,NA,NA,NA,NA,-0.137200966413966,NA,NA,NA,NA
"192",-0.142532110588297,-0.0212015432994867,NA,-0.00105571509152401,NA,NA,NA,NA,NA,NA,NA,NA,NA,NA
"193",-0.0775378793020524,NA,NA,-0.00376584610555971,NA,1.62192461159908,-1.46547875996298,NA,NA,-0.128482668308892,NA,NA,NA,0.0600764801110859
"194",-0.0489599598974914,NA,NA,-0.00139790279212775,NA,0.762167662389336,NA,NA,NA,NA,NA,NA,NA,NA
"195",NA,-0.0168433422411892,NA,NA,NA,0.363633071335345,NA,NA,NA,-0.10978774275434,NA,NA,NA,NA
"196",-0.0345707683917841,NA,NA,-0.000982177668747848,NA,1.10197329529508,NA,NA,-0.00024850569606933,NA,NA,NA,NA,NA
"197",-0.0741942957881048,-0.0253755238922259,NA,NA,NA,1.15210784252071,NA,NA,NA,NA,NA,-0.00654881769517861,NA,NA
"198",-0.0735103280418534,NA,NA,-0.00184127166281072,NA,0.410107862149627,NA,NA,NA,NA,NA,NA,NA,NA
"199",-0.135797355471916,0.00576945364179938,NA,NA,NA,1.46775428760837,-1.07591400828958,NA,NA,-0.153928831677668,NA,NA,NA,NA
"200",-0.0610878829268351,NA,NA,NA,NA,1.8697295232907,-0.996242006450623,NA,NA,-0.0532235975860405,NA,NA,NA,NA
"201",-0.484151960588276,NA,0.248766931394913,NA,NA,1.00213607948212,NA,2.04042166874199,NA,NA,-0.170631617639863,NA,NA,NA
"202",-0.491762653693665,NA,NA,NA,NA,0.650707556043008,NA,NA,NA,NA,-0.250673691370845,-0.0240990332309088,7.78475038773829e-05,NA
"203",NA,NA,0.201462929739764,-0.00406568619271245,NA,0.988652019032416,NA,NA,-0.0012203197753573,NA,-0.222340182066255,-0.00545295743319843,0.00012576016179438,NA
"204",-0.425179957104998,NA,0.282618995106576,NA,NA,0.749239261945536,NA,-3.3086661462842,-0.00103652533871529,NA,-0.143618685909738,NA,9.47286638826744e-05,NA
"205",NA,NA,0.269286023942781,NA,NA,0.385304157566296,NA,-8.14658895956317,-0.00288077567781269,NA,-0.207666454009792,-0.0189587836546254,0.000100764278859824,NA
"206",NA,NA,NA,NA,NA,1.11834618069188,NA,NA,NA,NA,-0.117848038763098,NA,0.000143251524499464,NA
"207",NA,NA,NA,NA,NA,1.2419270704501,NA,NA,NA,NA,-0.164192687438484,NA,NA,NA
"208",NA,NA,0.374926111183644,-0.00253098621604237,NA,0.764828706969547,NA,NA,NA,NA,-0.143566368824876,-0.0057378620258545,NA,NA
"209",NA,NA,0.264070791009647,-0.00190958768162218,NA,1.05603041793047,-0.583913690711365,NA,NA,0.425717993824034,-0.158150708094834,NA,0.00010493011957417,NA
"210",NA,NA,0.233822658012025,NA,NA,NA,-1.23689829555425,NA,NA,NA,-0.121738967923916,NA,9.32260325597894e-05,NA
"211",NA,0.00692999864449899,-0.0874986439029519,-0.00346391432308164,NA,0.898263844840402,NA,NA,NA,NA,-0.187922679913905,-0.0241378300630123,NA,NA
"212",NA,NA,0.172285164117187,-0.00233231320533371,NA,1.07597183835271,1.65144161704434,0.185420334357333,NA,NA,-0.166107848158734,NA,NA,NA
"213",NA,NA,0.22728078451532,NA,NA,0.469925139620205,NA,NA,NA,NA,-0.205141970585164,NA,NA,NA
"214",NA,NA,NA,-0.00237673854955063,0.00353548369686978,0.620959813054043,NA,NA,NA,NA,-0.0692258490276021,-0.0241929857779448,NA,NA
"215",NA,NA,NA,-0.00274128055073582,NA,1.05020485639026,NA,NA,NA,NA,-0.164977898584258,-0.00739901980558025,8.42437279591393e-05,NA
"216",NA,NA,NA,-0.00248523780538551,NA,0.579640098822148,NA,-9.61715260574263,NA,-0.230458290133039,-0.174425494385649,NA,-5.29283706738473e-05,NA
"217",-0.694888000332195,NA,0.27841514603976,NA,NA,NA,NA,NA,-0.000972266066232222,NA,NA,NA,NA,0.0157851469357154
"218",NA,NA,NA,-0.000960051163115544,NA,0.776619416796534,-5.67336985329183,NA,-0.00109389437708186,NA,-0.292103130314333,NA,8.84749823679546e-05,NA
"219",NA,NA,NA,-0.00379457714604826,NA,0.94070913562746,-3.66146041203576,-4.65591350718315,NA,NA,-0.157920212025368,-0.00558957554441326,NA,0.108372668177936
"220",NA,NA,NA,-0.00192039656442696,NA,0.750926887014731,NA,-4.66537706172065,NA,NA,-0.137765509394123,-0.00680080080686033,0.000108553550994776,0.0638943838540906
"221",NA,NA,0.265601510310193,-0.00355050385267755,NA,0.905338388767845,NA,-9.00771157928384,NA,NA,-0.11362912287736,NA,0.000126364830736411,NA
"222",NA,NA,0.270098892493719,-0.00359611798675437,NA,0.704136767447281,NA,-1.93479164534468,NA,NA,-0.182605581652123,NA,NA,NA
"223",-0.463369171674708,NA,0.261201282675984,-0.00263770379111999,NA,0.936560234475581,NA,NA,NA,NA,-0.161471530862294,NA,9.33840088836536e-05,NA
"224",NA,NA,0.251701070651984,-0.00296421640157599,NA,0.667042846495477,NA,-1.33281663733552,NA,NA,-0.146972380999342,NA,0.000105625062104258,0.10898418011471
"225",NA,NA,NA,-0.00411915223513066,NA,0.742914866864237,NA,NA,-0.0014077436718226,NA,-0.181673266974107,NA,0.000128027575714775,NA
"226",-0.490456898098074,NA,NA,-0.00349178578544496,NA,0.544888893772815,NA,NA,NA,NA,-0.171613399314409,NA,NA,NA
"227",NA,-0.00151229724366075,0.243103270675917,-0.00353062841280705,0.0301897499279585,0.894738549158671,NA,-4.78962933932831,-0.00149739855994046,NA,-0.17753095305976,-0.0275254398827961,-7.58293386281098e-06,NA
"228",NA,NA,0.218567237565797,NA,-0.0244482274846385,0.664365030892801,-1.71683029777968,NA,NA,NA,-0.100783190414616,NA,0.00015521971352027,NA
"229",NA,0.0273414847201867,0.213852594747289,-0.0033959420045575,NA,1.02979509511204,NA,NA,-0.000963334350427935,NA,-0.251080998191804,NA,NA,NA
"230",NA,-0.00647555476624094,NA,-0.00241214258996289,NA,NA,1.85272350576689,NA,NA,NA,-0.0842224662859253,-0.0175497203370645,-1.34424493465834e-05,NA
"231",-0.397470541289483,NA,NA,-0.00290850318977134,NA,0.944446727884451,NA,NA,NA,NA,-0.207804404599862,NA,NA,-0.0404104188296656
"232",NA,NA,0.196837353060547,NA,0.0308505680957078,0.85773742669753,NA,-4.33839072620944,NA,NA,-0.163152957647899,-0.0158092876751463,-3.02456703365249e-06,NA
"233",NA,NA,0.288625307684635,NA,NA,1.63263297837682,NA,-1.71854801536428,NA,NA,-0.125773558982946,NA,-3.40164250090192e-05,NA
"234",NA,NA,0.233856694625072,-0.00265948223725809,NA,0.875809102406137,NA,NA,NA,NA,-0.206533763315064,-0.00599435282911723,NA,0.039777695487463
"235",-0.701426435942274,NA,0.361396148199959,-0.0021979839360619,NA,1.0482154191592,NA,NA,-0.00144481532551164,NA,-0.158874990587906,NA,6.98277328806264e-05,0.168255630844908
"236",-0.399696759906844,NA,NA,NA,NA,1.04531246996779,NA,-5.68738298235183,NA,NA,-0.132990713948584,-0.00803187150324433,0.000100642439780187,-0.0574555403438952
"237",NA,0.0121722894773504,0.120482504594717,-0.00228817125447774,0.0196849986854605,0.970661988586672,-4.44027708282467,NA,NA,NA,-0.180651475539031,NA,-7.01106355972154e-05,NA
"238",-0.513076033609663,NA,0.198622077464165,-0.00286502999177701,NA,1.06067869666868,NA,2.11915143864001,-0.00132542237315191,NA,-0.116031761970226,-0.00509268277882808,-4.15355323257988e-05,NA
"239",NA,NA,0.256740980379734,-0.00302700175418019,NA,0.930200642650491,NA,NA,-0.00151230482305753,NA,-0.110999949925569,-0.0153864104633264,-0.000121296166408229,NA
"240",NA,NA,0.300559921961503,-0.00202947621734963,NA,0.832425527925737,NA,NA,NA,NA,-0.232850948951271,NA,NA,NA
"241",NA,NA,NA,-0.00267711749241982,NA,0.533816904451652,NA,-6.67179630923829,NA,NA,-0.1129647958225,-0.0110035339932334,9.83714282711901e-05,NA
"242",NA,0.0102756651887662,0.174208474385625,NA,NA,0.526771360606553,NA,1.61762882205307,NA,NA,-0.0917895858854568,NA,-3.96849208486768e-05,NA
"243",NA,NA,NA,-0.00281437886374252,NA,0.701962692943175,NA,NA,NA,NA,-0.174489114421856,NA,0.000106970448915869,NA
"244",NA,NA,NA,-0.00217276416298836,NA,0.623885767861977,NA,NA,NA,0.146551256177174,-0.164456331101879,NA,NA,NA
"245",NA,-0.0210443225126896,NA,-0.00230847583207289,NA,0.554493934967282,NA,NA,-0.000426718917866954,0.421242386478889,-0.106811894643045,NA,NA,0.0226521934981656
"246",NA,0.00943159243966689,0.434243470988028,-0.00406233628901692,NA,0.71948106424098,NA,NA,NA,NA,-0.212894191210313,-0.00505756649061859,NA,NA
"247",NA,NA,NA,-0.00191963205576993,0.0316474587459027,0.756399058816844,NA,1.84409295910502,NA,NA,-0.119908144643857,NA,0.000138735141325264,NA
"248",NA,NA,0.283864437156664,-0.00176614207586051,NA,0.98301242162638,NA,NA,NA,NA,-0.150722251331999,-0.00674573795059332,NA,0.0520038489786099
"249",-0.667505184792549,NA,0.220721625320032,-0.00687182302736246,NA,0.582179760290943,NA,NA,NA,NA,-0.151479192254606,-0.0108138580583686,-7.46640990115539e-05,0.0502880861578866
"250",-0.461763423633516,NA,NA,-0.000889133400592783,NA,0.968130239274254,NA,NA,NA,NA,-0.155444960191132,NA,NA,NA
"251",NA,NA,0.338328046735295,NA,NA,0.82498976669814,NA,NA,NA,NA,-0.150854225394895,NA,7.5622322126227e-05,NA
"252",NA,0.00681113463949439,0.344115076980585,-0.00358653674793897,NA,0.637787711035527,-6.04798768041153,-5.24982490832525,-0.00205266629430731,NA,-0.213049942504079,NA,8.4976327877176e-05,NA
"253",NA,NA,0.389675617119112,-0.00366814250402378,0.0230388607352919,0.742072769235836,NA,NA,NA,NA,-0.136049155054134,NA,8.38631730166992e-05,NA
"254",-0.475568552148044,NA,0.204463958354483,-0.00273780336452333,NA,0.776446881957797,-4.25780703204325,NA,NA,NA,-0.154983239946605,-0.0178523866979108,0.000110811477428829,NA
"255",NA,NA,NA,NA,NA,0.790848984778447,NA,NA,NA,NA,-0.176817453387822,-0.0189988188115852,-4.6595184010336e-05,NA
"256",-0.501182380517012,NA,0.443204527058739,-0.00191430688547267,NA,0.320743265573203,NA,NA,NA,NA,NA,NA,9.36585758394965e-05,NA
"257",NA,NA,0.246179725501875,NA,NA,0.915753330793622,NA,NA,NA,NA,-0.19019482646265,NA,2.37531778142822e-05,0.047392841358915
"258",NA,NA,0.135434370370325,-0.00252432302036813,NA,0.960843005495138,NA,NA,NA,NA,-0.237039992767358,NA,0.000103521184995753,NA
"259",-0.50808859954927,NA,NA,-0.00335013399458558,NA,0.589222112023979,-4.69276613123989,NA,NA,NA,NA,NA,-5.16363688387113e-05,NA
"260",NA,NA,NA,-0.00302268272306817,NA,0.756392890513422,NA,NA,NA,NA,-0.114075175056993,-0.00833497436093151,8.29501451567453e-05,NA
"261",NA,NA,0.254498964220427,-0.00066924359999815,0.0224923857275181,0.452766314920122,NA,2.20149650980525,-0.00120534690321846,NA,NA,NA,6.94828799085127e-05,0.228163148784924
"262",NA,NA,NA,-0.00326535849802137,0.0234812775157773,0.410757901289892,NA,2.48426519586285,NA,NA,-0.180054833445646,NA,NA,NA
"263",NA,NA,0.194004258733996,-0.0021482952452092,NA,1.06775680457178,NA,NA,-0.000895011685085141,NA,-0.297369157117878,-0.0195131059530895,NA,NA
"264",NA,NA,0.290852188903644,NA,NA,1.01560495919233,NA,-4.40690514172245,NA,-0.354790762270902,-0.172073156029634,-0.025108488668109,-8.06743349277343e-05,0.140464999598114
"265",NA,NA,NA,-0.00319277945769154,NA,1.04495069946619,NA,NA,-0.00113230338227296,NA,-0.170075510259959,NA,0.000110249755248746,NA
"266",-0.439004290910796,NA,NA,-0.00255048320640917,NA,0.514042175680385,NA,-5.27913249191976,NA,NA,-0.13812496371007,NA,2.40902986608322e-05,NA
"267",NA,NA,NA,NA,NA,0.831531678855188,-3.97880605647813,NA,NA,NA,-0.101666027483961,-0.0151483094259901,NA,NA
"268",-0.31185952154781,NA,0.267476813238789,NA,NA,1.4706799584876,-0.332043888875905,-6.92370600076797,-0.000523525043311523,NA,-0.139936262554223,NA,NA,0.0735179758187198
"269",NA,NA,0.186513583118385,NA,NA,0.650518465453818,NA,-3.63784787176164,NA,-0.09803816054505,-0.108470985754062,-0.0093824618569742,0.000165493609575987,NA
"270",NA,NA,NA,-0.00373266025639017,NA,0.578112433665055,NA,NA,-0.00121410869438584,NA,-0.139698329701478,-0.0126652660300085,0.000139753281117334,NA
"271",-0.31497865228379,NA,NA,NA,NA,0.922621503213191,NA,-6.10089917793618,NA,NA,NA,NA,NA,NA
"272",-0.33610805918344,NA,0.247403690419755,NA,NA,1.29334980661815,NA,NA,-0.00159075157131842,NA,-0.113536021229182,NA,NA,NA
"273",NA,NA,0.18104139010886,NA,NA,0.850998784119538,2.01631354186106,NA,-0.000488613065287657,NA,-0.154838802277318,NA,0.000105492682447434,NA
"274",NA,0.00744297633887867,NA,-0.00171202676480587,0.0270926126517576,0.658911614472868,NA,NA,NA,NA,-0.154537359777458,-0.0243078614807361,3.32818603753574e-05,-0.0689860632491477
"275",-0.574263603782399,NA,0.228761930225401,-0.00172826346858428,NA,1.06466550641789,NA,NA,NA,NA,-0.162400469506175,NA,NA,NA
"276",NA,NA,NA,-0.00193286845291178,NA,0.815238174687075,1.6274408418749,NA,-0.000995356055212832,NA,-0.167873146721567,-0.019807746366146,NA,NA
"277",-0.507328458141967,NA,NA,NA,NA,0.824630566343393,NA,NA,NA,NA,-0.0823997337174507,NA,NA,NA
"278",-0.68208007275604,0.00966220299772467,NA,NA,NA,0.893481947032451,NA,2.71066239018328,-0.0014161831301774,NA,-0.181482375072232,NA,NA,NA
"279",NA,NA,NA,-0.00461438525327697,NA,0.981820313385897,-7.45950642957356,NA,-0.00150945265761953,NA,-0.157202409361158,-0.00627673660396992,NA,NA
"280",NA,NA,0.215064660738436,NA,NA,0.789070394247925,NA,1.47302725962623,NA,NA,-0.195271445051117,NA,-6.21067815826238e-05,0.0995569163826739
"281",NA,NA,0.333786668012743,-0.00241821479474168,NA,0.816787274079257,NA,-8.85160186213563,NA,NA,-0.172578134407649,NA,-2.42138652827328e-05,NA
"282",NA,NA,NA,-0.00303504576847699,0.0242833643463031,0.891801888958553,-5.06477651140586,3.34142752096979,NA,NA,-0.187954370747736,NA,3.66168971219525e-05,NA
"283",NA,NA,NA,-0.0040367777368404,NA,0.958011416577365,NA,NA,NA,NA,NA,-0.0264360489119136,0.000143605210367592,NA
"284",NA,NA,0.257340677374893,-0.0025175646015936,NA,0.704955615382929,NA,NA,NA,0.144747393792513,-0.150569605494473,NA,2.24079536890519e-05,0.0244120280448335
"285",NA,NA,0.361861647725069,NA,NA,NA,NA,NA,NA,NA,-0.160787745611106,-0.0171309617147576,-0.000110421276930319,NA
"286",-0.554863107280453,NA,NA,-0.00292368261124849,NA,0.865308651449989,1.2699051246339,-3.66251638017169,NA,NA,NA,-0.0104419622401971,0.000161269147220954,0.0860735290179497
"287",NA,NA,0.266355574465454,-0.003805146034991,NA,0.749268896636324,NA,NA,NA,NA,-0.211142897911102,-0.0204347989814339,NA,0.0772409178704193
"288",-0.548674358373576,NA,NA,NA,NA,0.63463750145102,NA,NA,NA,NA,-0.275663240223078,NA,NA,NA
"289",NA,-0.0184285217003446,NA,-0.00328362092013249,0.0218557696271916,0.843185858054258,1.4589630867756,NA,NA,NA,-0.16280388698755,NA,NA,NA
"290",-0.554265748286105,-0.0273928492201664,0.284815918112507,NA,NA,0.787450509517205,NA,-2.75332013517764,-0.000982025519142128,NA,-0.132582648393436,NA,-6.29768193626243e-05,NA
"291",NA,NA,0.311585441376856,-0.00189072391508784,NA,0.938007913618029,NA,NA,NA,NA,-0.295383214557758,NA,0.000186819066710446,NA
"292",-0.593502906740398,NA,0.203584975462071,NA,NA,0.855395261796104,NA,-9.01165087239665,NA,NA,-0.174074457481565,-0.0293942293756195,0.000115277509493089,0.124275237997363
"293",NA,NA,0.209273224876851,-0.00326736357158907,NA,0.636805909145076,NA,NA,-0.00118974878939725,NA,-0.285274657158586,-0.0201691621395466,NA,NA
"294",NA,NA,0.227691359347831,NA,NA,0.879775749258441,NA,NA,NA,NA,-0.189499981634548,NA,NA,NA
"295",-0.377339547540394,0.00676166286075367,0.170030089962612,-0.0023243517769753,NA,0.689656149095076,NA,-1.1396669284635,NA,NA,-0.200848251405905,NA,8.79327808963647e-05,-0.00731522920923072
"296",NA,NA,0.244229190075062,-0.00270871508870457,NA,1.36884634832699,-2.2876060175622,NA,-0.0010383987929723,NA,NA,NA,5.87463282322399e-05,NA
"297",NA,NA,0.0947371326482054,NA,NA,0.836938104541037,NA,NA,NA,NA,NA,NA,9.4597115430934e-05,NA
"298",NA,NA,0.251966880474259,-0.00361448705800692,NA,0.580394719425552,NA,-7.41874529393531,-0.00204453477657778,NA,-0.110394024427374,NA,-6.76494313113494e-05,NA
"299",NA,NA,0.164552321601661,-0.00295068260860735,NA,0.779482060215534,NA,2.39511596377707,-0.00109256997971875,NA,-0.0830893094084366,NA,-0.000203028925915921,NA
"300",-0.576563148523962,NA,0.234490539437495,-0.00258352312670866,NA,NA,NA,NA,NA,NA,-0.264423673663786,-0.00680771078480651,NA,NA
"301",-0.52619598434786,NA,NA,-0.00993726985693503,NA,0.766636963184577,-4.11741565391341,NA,NA,0.316891599674955,-0.120644308475344,0.00832344726162731,NA,NA
"302",-0.378857330518247,NA,NA,-0.0067408687287003,-0.0454767659585297,1.2697557271177,NA,NA,NA,0.695819145751345,NA,NA,-0.0004104435210412,NA
"303",-0.629320658709974,NA,NA,-0.00700980496362555,-0.0504043889255231,1.22223781994908,NA,-7.31042791590822,0.000690377974351627,0.419877772374166,-0.175633728686149,0.0363814306110128,-0.000805519095597404,NA
"304",-0.612267124307289,NA,-0.403046679188464,-0.00935015282933373,-0.0623466592959733,0.818374518034161,NA,NA,NA,0.681016413449383,-0.115509238905354,NA,-0.000238778859888667,NA
"305",-0.514376973206214,NA,-0.147111692165896,-0.00752309446273483,-0.0409473138899339,1.93010019661225,NA,NA,NA,0.757382118547686,NA,0.0368888144637056,-0.000206055985772296,NA
"306",-0.351778713097827,NA,NA,-0.0101269588369895,-0.0585934822702774,1.22913434125417,NA,-6.09313607200045,NA,0.59433507249135,NA,NA,NA,0.213207263433529
"307",-0.52469223078967,NA,-0.128322247888132,-0.00913084214214803,-0.0329412806630513,1.13206338854125,NA,NA,0.000284692464806697,0.546705664219095,NA,NA,NA,NA
"308",-0.372886597572182,-0.072313494842457,NA,-0.00778768448306383,-0.0421480354249201,1.2226180961225,NA,NA,0.000564331505479015,0.504754498410875,-0.104975640115015,NA,NA,NA
"309",-0.619511976788256,-0.0512048472655119,NA,-0.00938189720070993,-0.0354532465243795,0.712611434964417,NA,NA,0.00136807403922624,0.745450355755611,-0.077771762968057,0.0198551095399952,-0.000663469159072792,0.311794896557209
"310",-0.599684065966835,-0.0560669205040947,NA,-0.00840668892996363,NA,0.729944481791054,NA,-3.35970671145681,0.00122421638562245,0.396505477085519,-0.091202262517998,0.0233580210640393,-0.000365284711220648,NA
"311",-0.588607604356132,-0.0377681732738659,NA,-0.00816595249220232,-0.0531385031503468,0.971590363680623,NA,NA,0.000505403413404381,0.458697517910379,NA,0.0261704110245179,-0.000365971920605958,0.27565953296445
"312",-0.328784027619353,-0.0345988976671516,NA,-0.00970707456875496,NA,0.540661098175405,NA,-5.90605072464758,0.000622087300431781,0.624024920249489,NA,0.0208709785535879,NA,NA
"313",-0.544489847254688,NA,-0.118460397506689,-0.00693553509087472,-0.0399867870048526,0.701059977441097,NA,NA,NA,0.5590302963857,NA,0.0422465174869674,NA,NA
"314",-0.510734800397734,-0.0809702898031468,NA,-0.00693276696039745,NA,1.15066583491691,NA,-7.74687186899818,0.000405811630996875,0.569175347493989,NA,NA,-0.000226966369816228,NA
"315",NA,-0.041845985816011,NA,-0.0081854027482714,-0.0296838718883056,0.505853070991293,-4.21396476225309,NA,0.00143489084866361,1.02197065771881,NA,NA,-0.000250398896765914,0.300464470847437
"316",-0.587790596985522,NA,NA,-0.00999615402008665,NA,0.96765265075279,NA,NA,NA,0.595158185027072,-0.0565922318713618,0.0412756640148455,NA,NA
"317",-0.420020028436561,-0.0322992533691768,NA,-0.0108659184130221,-0.0230871278031614,0.691129859203796,NA,NA,NA,0.458593470288871,NA,0.0237627693065867,-0.000266028955878245,0.32160839830771
"318",-0.522738717032992,-0.0455181893752277,-0.284617870606568,-0.0102006354144324,-0.0303921721488483,0.933169859535181,NA,-10.1815023855097,NA,NA,NA,0.0160415021699503,NA,NA
"319",-0.305580845163084,NA,NA,-0.0120345702384179,-0.0720549507164742,1.46501416361359,NA,-6.9529161431904,NA,0.541288707202793,-0.099404828498124,0.0249975044736342,-0.000927465674828499,NA
"320",-0.522536954960334,-0.0742853318291485,NA,-0.0123116344435146,-0.0542456063109673,1.08363917110776,-3.27794612471267,NA,0.000874044440902404,0.495120213286104,-0.0818315069810984,0.0284813510445811,NA,NA
"321",-0.417851494450268,NA,NA,-0.00856308726949661,-0.0360154418185968,0.634900373349198,NA,NA,0.000614492669966981,0.493583029275232,-0.0934486685594482,NA,NA,NA
"322",-0.545091299376917,-0.05178844181666,NA,-0.0088351899953644,-0.0309261178819211,1.18273549429033,NA,NA,NA,0.400335995829245,NA,0.0286041402739912,NA,0.285223327230339
"323",-0.477959972731776,-0.0393112283769116,NA,-0.00862420906468642,-0.0398496177349106,0.924471150498717,NA,NA,NA,0.530570923729208,NA,0.0247725096065402,NA,0.43678389698241
"324",-0.36275697136672,NA,NA,-0.00995239289570054,-0.0452952120233046,1.23213572886988,-4.30404714965563,-7.17685480530539,NA,0.567135034707887,-0.123527467822739,0.0127833307233776,NA,NA
"325",-0.527596273840281,-0.0540205658382819,NA,-0.00845064932619167,-0.0604310467505443,1.20621639038191,NA,NA,0.00115888238079096,0.527548651064054,-0.114791431337466,0.0225243880621732,NA,NA
"326",-0.359048090184453,-0.0348946654078153,NA,-0.00615108738650793,-0.045932716271911,0.806860949780496,NA,NA,NA,0.629451080116808,-0.0890324664239999,NA,-0.000884030094517462,NA
"327",-0.557864422407142,NA,NA,-0.00982395641199847,-0.0309083522643391,1.59641523381118,-5.6462897072466,-6.00276482233432,NA,0.502850326807136,NA,NA,NA,NA
"328",NA,-0.060234585705353,NA,-0.00882282178168025,-0.0422667418215693,0.955893316656192,NA,NA,NA,0.694331236479519,NA,0.0250999061411395,NA,NA
"329",-0.635900734854126,NA,-0.134424552049514,-0.00948057750061751,-0.0302715672727777,1.74084787384056,NA,-4.5844021031963,0.000913479581904699,0.533119584542798,NA,NA,NA,NA
"330",-0.593042154612256,-0.0516082765601079,NA,-0.00947414088496989,-0.0404918045871031,1.05403889555511,NA,NA,0.00146582332587697,0.716685312038235,NA,0.0189736204409055,NA,0.286763741140587
"331",-0.797396482085377,-0.0365885732453272,NA,-0.00850959097013832,-0.0295894400850624,0.70443685479119,NA,NA,0.000536158435690204,0.618139366166933,NA,0.00821842646379154,-0.000363743810468129,NA
"332",-0.538234688878846,-0.0421266299357459,NA,-0.00890105774231264,-0.107999852896597,1.04919310492851,NA,NA,NA,0.66382752790021,NA,NA,-0.000535118727951931,0.326137076036684
"333",-0.455994049813283,-0.0531838225971583,NA,-0.00854190170265425,-0.0251382325491617,0.870847835876696,NA,-3.15352795705016,NA,0.71779252020374,NA,0.0234957345266232,NA,0.268246744507879
"334",-0.461595969654796,-0.0496411890948339,NA,-0.00795797667548267,NA,1.52056866179396,-3.79089677186867,NA,NA,0.41674449694222,NA,0.0218090007205286,-0.000401666982542408,NA
"335",-0.642839673906577,NA,NA,-0.00705217138649671,NA,1.40698984050494,NA,NA,0.000836259509623439,0.565073303719172,-0.115407070370759,NA,NA,0.300572481138426
"336",-0.367451148699695,-0.026246561621865,NA,-0.00738814526189439,NA,0.598461662662244,NA,NA,0.00101894612062567,0.409482926086648,NA,0.024909949737364,NA,0.235511845498315
"337",-0.366569629845874,-0.0312693553335253,0.359480044993498,-0.00505814136556547,NA,1.29057538676523,NA,-3.90735997920222,0.000835407335756402,0.522703475960797,NA,NA,NA,NA
"338",-0.517260802959008,NA,-0.154070710677846,-0.00609350658373615,-0.0412330318326343,0.758611025357868,NA,-7.54770778588255,NA,0.625328756828997,NA,NA,NA,NA
"339",-0.569098372274694,NA,NA,-0.00940255290060578,-0.0406827583675846,0.847010678851544,-4.38336371757375,NA,NA,0.458891039173357,NA,0.00909438615044475,NA,NA
"340",-0.521915663198025,NA,NA,-0.00870305912731455,-0.0393548428813023,1.65806101092495,NA,NA,NA,0.603579051268119,-0.123558336462901,0.0270664142150131,NA,NA
"341",-0.492719117447896,NA,NA,-0.00696679989857166,-0.0336854786278195,1.19743130962863,NA,NA,0.00172050676616919,0.567190385950142,NA,NA,-0.000721283085484472,NA
"342",-0.558604681730296,-0.0622111269773215,NA,-0.0111128670141404,-0.0435245698002749,0.894122985706653,NA,NA,NA,0.648341569020724,NA,0.0199198697972197,NA,NA
"343",-0.413013779275451,-0.0573042382309214,NA,-0.0108026254802735,-0.0390563504279378,1.16465552333159,NA,NA,NA,0.5629342735568,-0.15225947651582,0.0260097544671395,-0.000167144084512164,NA
"344",-0.57769376368128,NA,NA,-0.0076690372023957,-0.0382616113632308,0.988964416710348,-4.35932284315372,-8.69422150063961,NA,0.519286728556575,-0.0815707355552888,0.0156291157855091,NA,NA
"345",-0.660749501625716,NA,NA,-0.00879337403795022,NA,0.978715337428093,NA,NA,0.00123994431511373,0.602037422459946,NA,NA,NA,0.220762576099392
"346",-0.556935495244128,-0.0478399375582852,NA,-0.00743267674522201,-0.0391576891322178,0.73450568892184,NA,-5.2827395571032,NA,0.611071727621326,NA,NA,-0.000220724174634885,NA
"347",-0.577960909748282,-0.0615208262521826,NA,-0.00718085960748452,-0.0371621214938212,1.34777601423673,NA,NA,NA,0.471634034750898,NA,0.0208477235392124,-0.000888584335774811,NA
"348",-0.571291262811449,-0.0493330521333225,NA,-0.0126144524248668,NA,0.677298819837671,NA,-6.64883588652424,NA,0.410219609849403,-0.177188196670893,0.036176039017973,NA,NA
"349",-0.75385970209556,NA,NA,-0.0122867034859921,-0.0603298386922464,1.34454607839798,NA,NA,0.000434208263570236,0.600657141853008,-0.142696005755418,0.0213486079163406,NA,0.319998071979885
"350",-0.747429712117878,NA,NA,-0.00823847990328648,-0.0361418738631205,1.49479582629775,NA,-6.0631801261022,NA,0.444720817491146,-0.0845839132905123,0.0340177452052573,NA,0.383020623430995
"351",-0.628838079624595,-0.0327110475075216,NA,-0.00806974965248198,NA,1.27165173070315,NA,-6.02622916024839,NA,0.485286486563993,-0.0623889944780089,0.0304034639648076,NA,0.513381547175461
"352",-0.539970715821064,-0.0490963686988009,NA,-0.0162064416311951,-0.0364508574604811,0.479025237132231,NA,NA,0.000718636016581336,0.585044612528961,-0.136231475393373,NA,NA,0.399817780013034
"353",-0.660115941785739,-0.0467396022191758,NA,-0.00838055960029967,-0.0431842832802281,1.35711712333199,NA,-5.60186182654083,0.000849667802488426,0.361179120438719,-0.0842029438412991,0.0249611622246648,-0.000457324488352007,NA
"354",-0.656907120522931,-0.0308873236801845,NA,-0.00656276343258729,-0.0776567171587882,0.829137830273216,NA,NA,NA,0.483652470697469,NA,0.0100739163636638,NA,0.381697348715501
"355",-0.814650627950631,-0.0674233039451817,NA,-0.00696305937040065,NA,0.564284292833741,NA,NA,NA,NA,NA,0.0157426853875858,-0.000193447193956305,NA
"356",-0.581417958189965,-0.047351031489284,NA,-0.0080136058902585,-0.0373800522314239,1.02778772265801,NA,NA,0.000861053032415288,0.599721649884569,NA,0.0369124385187324,-0.000256887824244115,NA
"357",NA,NA,NA,-0.00993957458084968,-0.0433993914167255,1.24852099259749,NA,NA,0.000875266229361562,0.773259157419758,-0.153204342139049,0.0268139316076165,-0.000426982996560511,NA
"358",-0.448753615608813,-0.039613103700736,NA,-0.00963241184512265,-0.0369169087022949,0.829775848480346,NA,-8.0079032508928,0.000749460654121437,0.896796496342119,NA,0.0105891868243091,-0.000267618209000058,NA
"359",-0.418971828587767,NA,-0.0871570826582889,-0.00905339368175484,NA,0.473278431582363,NA,NA,0.000775139677877637,0.718567245234237,NA,NA,-0.000237242967705774,0.244552463974126
"360",-0.365510027847413,NA,NA,-0.00888374745497197,-0.0457261923646387,1.6444572614697,-4.86494664541552,NA,NA,0.559117503419948,-0.101321351268629,0.0234419467983321,-0.00018181206998633,NA
"361",-0.578223513648081,-0.0465588881837334,NA,-0.00666340333323842,-0.0642180571660962,1.65002270221114,NA,NA,0.000571402614219815,0.776441014328005,-0.0925164632073618,0.0262267410662676,NA,NA
"362",-0.739229310257394,-0.064247845112284,0.484042256945738,-0.00746088920317456,-0.036374198747467,1.2654997315681,NA,NA,0.000334206484845156,0.484397973687589,-0.250391894405949,NA,NA,0.373205766398312
"363",-0.653236218485886,-0.0481433010836414,NA,-0.00789005758983884,-0.0341412410103609,1.07234556787345,-2.92318898484141,NA,0.00100340703215618,0.700467498185179,-0.249605961231027,NA,-0.000460241820680348,0.361849272798503
"364",-0.557193960189863,NA,NA,-0.00784019777878571,NA,1.088572419884,NA,NA,NA,0.698520514402351,-0.0975981210449513,0.0226626416792773,-0.000575810261162241,0.239701944489122
"365",-0.654189307929179,NA,NA,-0.0106712391212579,-0.0506439626601404,1.41130283151538,NA,NA,0.000838410076844199,0.622624082372569,-0.097346225734303,0.0253183539300233,NA,NA
"366",-0.293873888547832,NA,NA,-0.00795226957121855,-0.0472318476431252,1.38579286625256,NA,NA,0.000581763860210517,0.317233567641902,-0.13653348335238,0.0270131674847762,-0.000401185533443456,0.407892220596868
"367",-0.740103919617005,NA,NA,-0.00830494045338562,-0.0441217587524617,1.021273908878,NA,NA,NA,0.493122328938236,-0.0944337218391457,0.019804044446438,-0.000218054064027243,0.358739776697129
"368",-0.578486973481262,NA,NA,-0.0106292904498259,-0.0537257650756133,1.03386201442281,NA,-1.89950589823514,0.000553038299185577,1.05386464538944,NA,NA,NA,NA
"369",-0.534626875654067,NA,NA,-0.00795171110950169,-0.0366323913484845,1.36718754886222,NA,NA,0.00112119179211413,0.725447964011108,-0.129846723332638,0.0413787858526176,NA,0.217690027064351
"370",-0.589833795659824,NA,NA,-0.0091759379244081,-0.0489353021141953,1.35887386616921,-1.80285321269557,-2.21236324661259,0.000955947542544423,0.834245996691973,-0.0505482841310582,NA,-0.000256111603693913,NA
"371",-0.505168063934553,NA,NA,-0.00954140822705623,-0.0214880037756959,1.17991933420685,NA,NA,NA,0.523454077687855,NA,NA,-0.000614903582089415,0.320118112438435
"372",-0.538784300263446,-0.0495487472660911,NA,-0.00840384567358469,-0.0324760712082536,1.28908519262709,NA,NA,NA,0.601312722744991,NA,NA,-0.000491609460759809,NA
"373",-0.140954491116605,NA,NA,-0.00920693002429552,NA,1.02212931172396,NA,-6.68968366854401,0.000331535506312251,0.750494739366919,-0.152023401170994,0.0186150349316012,-0.000543178327146907,NA
"374",-0.473145888867467,NA,NA,-0.0100353613866712,-0.102189792653307,1.0926150572061,NA,-7.81964272965185,0.000443024906025383,0.651131648540513,-0.151513519591095,NA,-0.000483686388098298,NA
"375",-0.557884593805658,NA,NA,-0.00699105343445564,-0.0318583939252481,1.36950085027971,NA,NA,0.000344393333499761,0.381612824356871,NA,0.0316453912350995,NA,0.312235395167125
"376",-0.641683726651756,-0.0542932826349561,-0.150656354370742,-0.00872482298175651,-0.0466545433922494,0.985965882615908,NA,NA,NA,0.589960478662594,-0.100878496217951,0.0213359105103593,-0.000589639023167779,0.299263557917802
"377",-0.335212589739687,NA,0.205330947332273,-0.0101945225723312,NA,0.803266489149852,NA,NA,NA,0.559146929663363,NA,NA,NA,NA
"378",-0.414734133785955,-0.061893073440443,NA,-0.00987132712610725,-0.0320252032634172,1.05497742792967,NA,NA,0.00170540450341533,0.564495379943992,NA,NA,-0.000384521135472679,NA
"379",-0.556818013850037,-0.0748938064681851,NA,-0.00993344031928586,NA,0.841667379419958,NA,NA,0.000383075940748939,0.63999672453989,NA,NA,NA,NA
"380",-0.486448591298809,NA,NA,-0.0105969762126263,-0.0801281767926438,1.19626196937697,-4.08082618433639,-6.57657850875766,0.00100591568023089,NA,NA,NA,-0.000445090827838439,NA
"381",-0.39768980739952,-0.0711150752881843,NA,-0.0095001617944083,NA,1.22145813011251,-4.99854131236095,NA,NA,0.732841896620536,NA,0.0312418626551373,-0.000470953017890952,NA
"382",-0.321589154137851,NA,NA,-0.00811431911200436,NA,1.26195035166962,NA,-4.71435687132976,0.000932944805364681,0.55203488762488,-0.0887383480948702,NA,-0.000173467863743588,0.187077441060937
"383",-0.48439107661188,NA,NA,-0.00799549781321879,-0.0541065317188218,1.25520434277959,NA,NA,NA,0.837088736582719,NA,0.0360545479325362,-0.000858154672767222,NA
"384",-0.475003978440579,-0.0423096011733263,NA,-0.00633149598634756,-0.0609469276019096,1.36528458004421,NA,NA,NA,0.58937771210429,-0.0854657366441784,NA,-0.000796849856684466,0.2515110255803
"385",-0.554388939590422,NA,-0.118927951311439,-0.00658439383993398,-0.0506014073032018,1.14898662985904,NA,-6.44499173944585,NA,0.538186117876204,-0.137272179206243,0.0207734135382069,NA,0.300888804448805
"386",-0.649076437572378,NA,NA,-0.00954786798562652,-0.0504594837140221,NA,NA,NA,0.000851891326190438,0.509154271510977,NA,NA,-0.000161302236852002,NA
"387",-0.620392064222494,-0.0529196290430156,NA,-0.0083625677792666,NA,0.879708006180696,NA,-4.66442101449137,0.000229580927576402,0.534754813856512,NA,0.0158170266406736,-0.000251592866590783,0.308679917155729
"388",-0.637688311986973,NA,-0.434318402180838,-0.00849914290152504,-0.0309125550668961,0.934382102643399,NA,-3.60218691466262,0.000930514148228237,0.516646642943335,NA,0.0319337244409515,NA,NA
"389",-0.594167527432911,NA,NA,-0.00916211978610544,NA,0.920749666603113,NA,-6.71646420921275,NA,0.717409459096312,NA,NA,NA,NA
"390",-0.628458436542113,NA,NA,-0.0107471825897532,-0.0397672361788013,0.924982936780235,NA,-5.90006346449124,0.000293729335544124,0.63220425688637,-0.127717262080798,NA,-0.000779758951486418,0.339510716685673
"391",-0.496266945631319,NA,NA,-0.00926003896523912,-0.0370280239037983,1.07241285684149,NA,-6.64929630004693,NA,0.49338176215862,-0.162567028331399,NA,-0.000495317731867363,NA
"392",NA,NA,NA,-0.00937621820673948,NA,1.10971895826864,NA,NA,0.000728147992183753,0.700094083984984,NA,NA,-0.000377043276752511,NA
"393",-0.727341808227433,NA,NA,-0.00871620187681205,-0.0432798165168124,1.12795197434065,NA,-8.27317843093858,0.00104339946561794,0.53124174760259,NA,NA,NA,NA
"394",-0.446846276265375,NA,NA,-0.00668139735876505,NA,1.60276929128803,NA,NA,0.00094313595428059,0.501992662955891,-0.270972585453121,0.0156862760499324,-0.000474690883016722,NA
"395",-0.450229411351339,NA,NA,-0.00887823383127799,-0.109048581091017,1.14047084324195,NA,NA,NA,0.684298297932587,-0.0850461921831049,0.0117541201308281,-0.000438908377137083,0.232104314638514
"396",-0.526395630060789,-0.087035529025596,NA,-0.0154449218671661,NA,1.1782481622306,-2.2677333824968,NA,NA,0.468410872986476,NA,NA,-0.000418073524872169,NA
"397",-0.565845785797938,-0.0321121855409511,0.343618919594727,-0.00994082573458889,-0.0567964649924423,0.825842445518152,-2.0799602953814,NA,NA,0.852864911278756,-0.122661523408526,0.0108315009892897,-0.000282227175210189,0.322922403384345
"398",-0.552529742811815,NA,NA,-0.00678180427274049,-0.0534150372334879,1.79131633502704,NA,NA,NA,0.472079961766071,-0.117506757751181,NA,NA,0.342846239733643
"399",-0.570322657191341,NA,NA,-0.00748593390212807,-0.0277837192751558,0.463303847101795,NA,NA,0.00115898734039387,1.01533920331179,-0.0812686188389663,0.0118463355925331,NA,0.234943712661764
"400",-0.37064237266146,NA,NA,-0.00900211351799343,-0.0455292104262537,1.5061889123606,-2.97253504215792,NA,0.0012084507565877,0.711084754230293,NA,NA,NA,NA
