"Reef","Shoot.growth","C.production","SLA","Seagrass.P","Seagrass.N","LAI","Seagrass.C13"
"H1",NA,NA,NA,"-0.00534590411668254",NA,NA,NA
"H1",NA,NA,NA,"-0.00766208438928354",NA,NA,NA
"H1",NA,NA,NA,"-0.00581506641883843",NA,NA,NA
"H1",NA,NA,NA,"-0.00843244715189815",NA,NA,NA
"H1",NA,NA,NA,"-0.00508529333275175",NA,NA,NA
"H1",NA,NA,NA,"-0.00790151639299013",NA,NA,NA
"H1",NA,NA,NA,"-0.0097538581753261",NA,NA,NA
"H1",NA,NA,NA,"-0.00327074653242516",NA,NA,NA
"H1",NA,NA,NA,"-0.0126152911803262",NA,NA,NA
"H1",NA,NA,NA,"-0.0118267344460658",NA,NA,NA
"H1",NA,NA,NA,"-0.00342566448115931",NA,NA,NA
"H1",NA,NA,NA,"-0.00904010189009841",NA,NA,NA
"H1",NA,NA,NA,"-0.00658876234418997",NA,NA,NA
"H1",NA,NA,NA,"-0.00586704795495393",NA,NA,NA
"H1",NA,NA,NA,"-0.00919606485414834",NA,NA,NA
"H1",NA,NA,NA,"0",NA,NA,NA
"H1",NA,NA,NA,"-0.00942097503007283",NA,NA,NA
"H1",NA,NA,NA,"-0.0110266260623558",NA,NA,NA
"H1",NA,NA,NA,"0",NA,NA,NA
"H1",NA,NA,NA,"-0.0087175892146255",NA,NA,NA
"H1",NA,NA,NA,"0",NA,NA,NA
"H1",NA,NA,NA,"-0.00774683722418334",NA,NA,NA
"H1",NA,NA,NA,"-0.00677987222330015",NA,NA,NA
"H1",NA,NA,NA,"-0.00478162497245207",NA,NA,NA
"H1",NA,NA,NA,"-0.00950077750758863",NA,NA,NA
"H1",NA,NA,NA,"-0.00462466945651801",NA,NA,NA
"H1",NA,NA,NA,"-0.00795584042532727",NA,NA,NA
"H1",NA,NA,NA,"-0.00517422437753924",NA,NA,NA
"H1",NA,NA,NA,"-0.00589530082182495",NA,NA,NA
"H1",NA,NA,NA,"-0.00391202419238031",NA,NA,NA
"H1",NA,NA,NA,"-0.0106002724724725",NA,NA,NA
"H1",NA,NA,NA,"-0.00812377780404955",NA,NA,NA
"H1",NA,NA,NA,"-0.00497316532040458",NA,NA,NA
"H1",NA,NA,NA,"-0.00622733662742813",NA,NA,NA
"H1",NA,NA,NA,"-0.00628723815633915",NA,NA,NA
"H1",NA,NA,NA,"-0.00529281112536737",NA,NA,NA
"H1",NA,NA,NA,"-0.00798239269774828",NA,NA,NA
"H1",NA,NA,NA,"-0.00914554859997453",NA,NA,NA
"H1",NA,NA,NA,"-0.00839878825079923",NA,NA,NA
"H1",NA,NA,NA,"-0.0090454463148379",NA,NA,NA
"H1",NA,NA,NA,"-0.00305764390366245",NA,NA,NA
"H1",NA,NA,NA,"-0.00406404507512744",NA,NA,NA
"H1",NA,NA,NA,"0",NA,NA,NA
"H1",NA,NA,NA,"-0.00983545443172835",NA,NA,NA
"H1",NA,NA,NA,"-0.00928825291681541",NA,NA,NA
"H1",NA,NA,NA,"-0.00923605824698732",NA,NA,NA
"H1",NA,NA,NA,"-0.00919932677263848",NA,NA,NA
"H1",NA,NA,NA,"-0.00697776672862324",NA,NA,NA
"H1",NA,NA,NA,"-0.010159894266658",NA,NA,NA
"H1",NA,NA,NA,"-0.00858529981450999",NA,NA,NA
"H1",NA,NA,NA,"-0.00751064296747456",NA,NA,NA
"H1",NA,NA,NA,"0",NA,NA,NA
"H1",NA,NA,NA,"-0.012245804593984",NA,NA,NA
"H1",NA,NA,NA,"0",NA,NA,NA
"H1",NA,NA,NA,"-0.00541622044133663",NA,NA,NA
"H1",NA,NA,NA,"0.000265327581014458",NA,NA,NA
"H1",NA,NA,NA,"-0.0083776590687018",NA,NA,NA
"H1",NA,NA,NA,"-0.0091685329219756",NA,NA,NA
"H1",NA,NA,NA,"0",NA,NA,NA
"H1",NA,NA,NA,"0.0010888077603858",NA,NA,NA
"H1",NA,NA,NA,"-0.00851566842299714",NA,NA,NA
"H1",NA,NA,NA,"-0.00551446200142867",NA,NA,NA
"H1",NA,NA,NA,"-0.0109827073348642",NA,NA,NA
"H1",NA,NA,NA,"-0.00728284292273773",NA,NA,NA
"H1",NA,NA,NA,"-0.00697196003108462",NA,NA,NA
"H1",NA,NA,NA,"-0.00774480190800683",NA,NA,NA
"H1",NA,NA,NA,"-0.00869291615251087",NA,NA,NA
"H1",NA,NA,NA,"-0.00454582658869988",NA,NA,NA
"H1",NA,NA,NA,"0",NA,NA,NA
"H1",NA,NA,NA,"-0.0042573903253276",NA,NA,NA
"H1",NA,NA,NA,"-0.00388633001070011",NA,NA,NA
"H1",NA,NA,NA,"-0.00605192964864477",NA,NA,NA
"H1",NA,NA,NA,"-0.00826248102901578",NA,NA,NA
"H1",NA,NA,NA,"-0.0101283669218879",NA,NA,NA
"H1",NA,NA,NA,"-0.0057343615405607",NA,NA,NA
"H1",NA,NA,NA,"-0.0095800688147257",NA,NA,NA
"H1",NA,NA,NA,"-0.0076155488183525",NA,NA,NA
"H1",NA,NA,NA,"-0.00716285467943836",NA,NA,NA
"H1",NA,NA,NA,"-0.0123889276362508",NA,NA,NA
"H1",NA,NA,NA,"-0.007511114248426",NA,NA,NA
"H1",NA,NA,NA,"-0.0083373100201178",NA,NA,NA
"H1",NA,NA,NA,"-0.00901731497394293",NA,NA,NA
"H1",NA,NA,NA,"0",NA,NA,NA
"H1",NA,NA,NA,"-0.00670987730825577",NA,NA,NA
"H1",NA,NA,NA,"-0.0107792321816035",NA,NA,NA
"H1",NA,NA,NA,"-0.0136888785393617",NA,NA,NA
"H1",NA,NA,NA,"-0.00689406239969037",NA,NA,NA
"H1",NA,NA,NA,"-0.00762072606479827",NA,NA,NA
"H1",NA,NA,NA,"0",NA,NA,NA
"H1",NA,NA,NA,"-0.00718316988704076",NA,NA,NA
"H1",NA,NA,NA,"-0.00823713885268815",NA,NA,NA
"H1",NA,NA,NA,"-0.0099426636857402",NA,NA,NA
"H1",NA,NA,NA,"-0.00502916505656169",NA,NA,NA
"H1",NA,NA,NA,"-0.00522198033721166",NA,NA,NA
"H1",NA,NA,NA,"-0.0030544925466976",NA,NA,NA
"H1",NA,NA,NA,"-0.00651363686353093",NA,NA,NA
"H1",NA,NA,NA,"-0.00127982366292117",NA,NA,NA
"H1",NA,NA,NA,"0.000771966122383954",NA,NA,NA
"H1",NA,NA,NA,"-0.00488949527414999",NA,NA,NA
"H1",NA,NA,NA,"0",NA,NA,NA
"H2","-49.4646391493801",NA,NA,"-0.00560858844408835",NA,NA,"-0.295001073729913"
"H2","0",NA,NA,"-0.011806708070756",NA,NA,"-0.58184528950003"
"H2","-41.9259655656336",NA,NA,"-0.00519413640373573",NA,NA,"-0.270827219820438"
"H2","0",NA,NA,"-0.0118273219726186",NA,NA,"-0.545008179337532"
"H2","-60.5925950550801",NA,NA,"-0.0108923477096111",NA,NA,"-0.490512690270138"
"H2","0",NA,NA,"-0.0116782986261233",NA,NA,"-0.549563824028236"
"H2","0",NA,NA,"-0.0112595287852584",NA,NA,"-0.534189258662742"
"H2","-49.7868708126324",NA,NA,"-0.00777333934167516",NA,NA,"-0.374895172217809"
"H2","-82.6286963162847",NA,NA,"0",NA,NA,"0"
"H2","-87.8046983071682",NA,NA,"-0.0180502975097301",NA,NA,"-0.759345455810976"
"H2","0",NA,NA,"-0.00547119389882882",NA,NA,"-0.29652106741225"
"H2","0",NA,NA,"-0.0117855886152881",NA,NA,"-0.544697397660817"
"H2","-60.4102961548421",NA,NA,"0",NA,NA,"0"
"H2","-70.713600397668",NA,NA,"-0.0133135914056163",NA,NA,"-0.574792080957508"
"H2","0",NA,NA,"-0.0130609148816055",NA,NA,"-0.619185722738576"
"H2","-72.489721471674",NA,NA,"-0.0141070453186018",NA,NA,"-0.609963874533123"
"H2","0",NA,NA,"-0.0135682477095272",NA,NA,"-0.656420990768255"
"H2","-77.5548003151949",NA,NA,"-0.0145358284496641",NA,NA,"0"
"H2","-83.4707547634315",NA,NA,"-0.0176194747846021",NA,NA,"-0.693280179997685"
"H2","-82.8532751311957",NA,NA,"0",NA,NA,"-0.688948386588412"
"H2","-60.1536140700702",NA,NA,"0",NA,NA,"0"
"H2","-72.0639984908518",NA,NA,"-0.0130763630647749",NA,NA,"-0.583829006439239"
"H2","-60.6885861872003",NA,NA,"-0.00988610349208765",NA,NA,"-0.512020645836933"
"H2","-53.8558962273386",NA,NA,"-0.00803030068441011",NA,NA,"-0.395866369002835"
"H2","-75.5760301414407",NA,NA,"-0.0137006949353503",NA,NA,"0"
"H2","0",NA,NA,"-0.00602203915806626",NA,NA,"-0.322008175042199"
"H2","-68.5426736245292",NA,NA,"-0.0128211003535072",NA,NA,"-0.538492196830136"
"H2","-40.9867366084713",NA,NA,"-0.00531859517982155",NA,NA,"-0.256579743564233"
"H2","0",NA,NA,"-0.00829804169491144",NA,NA,"-0.41366621635316"
"H2","-40.5715723368415",NA,NA,"-0.00479027356986183",NA,NA,"-0.243890649233805"
"H2","-89.1640902884099",NA,NA,"0",NA,NA,"-0.732768476570182"
"H2","-80.2950365597328",NA,NA,"-0.0160939014727358",NA,NA,"-0.685595278013183"
"H2","-35.6842246062046",NA,NA,"-0.00380899749814359",NA,NA,"-0.233986656702998"
"H2","-52.4479214782121",NA,NA,"-0.00830591226178021",NA,NA,"-0.434741505330008"
"H2","-57.919846353103",NA,NA,"-0.00881023531955713",NA,NA,"0"
"H2","0",NA,NA,"-0.00597642880144899",NA,NA,"-0.324737636914493"
"H2","-75.442551475544",NA,NA,"0",NA,NA,"0"
"H2","-92.5497717734899",NA,NA,"-0.0191495648409149",NA,NA,"-0.799866550002381"
"H2","-80.4184756104531",NA,NA,"-0.0160164065518593",NA,NA,"-0.68420935097055"
"H2","-86.1388764666402",NA,NA,"-0.0175561727787055",NA,NA,"-0.741360427719744"
"H2","-27.4851062275155",NA,NA,"-0.00444091066027296",NA,NA,"0"
"H2","0",NA,NA,"-0.00495142832774703",NA,NA,"-0.288600721649811"
"H2","0",NA,NA,"0",NA,NA,"-0.182309355356363"
"H2","0",NA,NA,"-0.0148663417565381",NA,NA,"-0.693343229351284"
"H2","-66.3351771996327",NA,NA,"-0.0114998680136963",NA,NA,"-0.57039658103392"
"H2","-80.4570423415395",NA,NA,"-0.0163929152969416",NA,NA,"-0.657483088808671"
"H2","-68.8375049162226",NA,NA,"-0.0124959300655087",NA,NA,"0"
"H2","-68.2461094859792",NA,NA,"-0.0121165659873112",NA,NA,"0"
"H2","-86.5498198318179",NA,NA,"0",NA,NA,"0"
"H2","0",NA,NA,"-0.00864936795585518",NA,NA,"-0.417525245704271"
"H2","0",NA,NA,"-0.00721118886235219",NA,NA,"-0.366296167666494"
"H2","0",NA,NA,"-0.00797609981876677",NA,NA,"-0.395790177906031"
"H2","-86.6791526812361",NA,NA,"0",NA,NA,"-0.732801239130872"
"H2","-53.6548697952497",NA,NA,"-0.0101164355548922",NA,NA,"0"
"H2","-54.8398334283395",NA,NA,"0",NA,NA,"0"
"H2","-22.266230723052",NA,NA,"5.33092797412721e-05",NA,NA,"0"
"H2","-78.150761811788",NA,NA,"0",NA,NA,"-0.654539533134443"
"H2","-86.1213545099233",NA,NA,"0",NA,NA,"-0.721133651628373"
"H2","-55.9950110657332",NA,NA,"-0.00925882699654955",NA,NA,"-0.432845078944478"
"H2","-48.4514249506275",NA,NA,"-0.00718854138350756",NA,NA,"-0.351774002569402"
"H2","-73.5207530623129",NA,NA,"-0.0130198139650226",NA,NA,"-0.566199495162489"
"H2","0",NA,NA,"-0.00783411715122983",NA,NA,"-0.405023817755647"
"H2","-88.7915530310811",NA,NA,"-0.0184081872372238",NA,NA,"-0.768817325966421"
"H2","-51.9971102579146",NA,NA,"-0.00800292936031904",NA,NA,"-0.430583175579734"
"H2","-54.1402010559002",NA,NA,"-0.00659339112015826",NA,NA,"-0.347927222237902"
"H2","-51.3231315555915",NA,NA,"-0.00602214962540951",NA,NA,"-0.324950379943675"
"H2","0",NA,NA,"-0.013893710165254",NA,NA,"-0.668259632839364"
"H2","-59.3748224421793",NA,NA,"-0.0108172655128935",NA,NA,"-0.481275635623965"
"H2","0",NA,NA,"-0.011300625022319",NA,NA,"-0.559883886582449"
"H2","-49.1217962185243",NA,NA,"-0.00679698408059562",NA,NA,"-0.345277984169079"
"H2","-48.9607599923298",NA,NA,"-0.0078270470669919",NA,NA,"-0.358427948749128"
"H2","-62.4730206827339",NA,NA,"-0.0104208429525893",NA,NA,"-0.493339108836088"
"H2","-70.5872424436909",NA,NA,"0",NA,NA,"-0.576818651349033"
"H2","-76.2131547425781",NA,NA,"-0.015022275358731",NA,NA,"-0.700007889370769"
"H2","-42.9582729463979",NA,NA,"0",NA,NA,"-0.305133455317989"
"H2","-77.0034828474145",NA,NA,"-0.0115324135130758",NA,NA,"-0.538879475683357"
"H2","-73.663199039534",NA,NA,"-0.0138292695775372",NA,NA,"-0.607499962261476"
"H2","-63.1075665074441",NA,NA,"0",NA,NA,"-0.491297510201662"
"H2","0",NA,NA,"-0.0133680414226298",NA,NA,"-0.648594844759762"
"H2","-52.6750056881485",NA,NA,"-0.00847762315294688",NA,NA,"-0.384228878261846"
"H2","0",NA,NA,"-0.011403943722633",NA,NA,"-0.538292134078426"
"H2","-73.7034621511414",NA,NA,"-0.0140582420175734",NA,NA,"0"
"H2","-49.8471060400756",NA,NA,"-0.00816910229125145",NA,NA,"-0.386784304679774"
"H2","-57.1502695157593",NA,NA,"-0.00718072764090715",NA,NA,"-0.365011789290231"
"H2","0",NA,NA,"-0.0128543422333354",NA,NA,"0"
"H2","-100.270102212072",NA,NA,"0",NA,NA,"-0.85543719696943"
"H2","0",NA,NA,"-0.00922983132354072",NA,NA,"-0.472764818942114"
"H2","0",NA,NA,"-0.0118080315189075",NA,NA,"-0.564879203406777"
"H2","-74.7390592055234",NA,NA,"-0.0143355634893798",NA,NA,"-0.594316530394345"
"H2","-60.892327493824",NA,NA,"-0.00780323545932533",NA,NA,"-0.39825750991398"
"H2","0",NA,NA,"-0.0109667259193975",NA,NA,"-0.498529931395133"
"H2","0",NA,NA,"-0.0131221173382042",NA,NA,"-0.623407508893808"
"H2","-58.9242155598462",NA,NA,"-0.00996692590779368",NA,NA,"-0.470371128970504"
"H2","0",NA,NA,"-0.00469601735828371",NA,NA,"-0.274517448300855"
"H2","0",NA,NA,"-0.00440139762932714",NA,NA,"-0.255842193110222"
"H2","0",NA,NA,"-0.00780293945343266",NA,NA,"-0.398843931736335"
"H2","0",NA,NA,"0",NA,NA,"-0.207189436118123"
"H2","-49.1749061816509",NA,NA,"-0.00797940133850896",NA,NA,"-0.379968020911395"
"H2","-49.760169921528",NA,NA,"0",NA,NA,"0"
"H2","-37.1642303051572",NA,NA,"-0.00488927513893106",NA,NA,"-0.243180747011619"
"H3","-17.9972404526146","0",NA,"-0.0126837604898863","0",NA,NA
"H3","-33.4973803323661","-0.166535474885713",NA,"-0.0195668185049693","-0.270856767076328",NA,NA
"H3","0","-0.233240360170528",NA,"0","0",NA,NA
"H3","-32.9110157122897","-0.134701334836525",NA,"-0.0192530796165412","-0.267671816753227",NA,NA
"H3","-31.3646269610966","-0.268362029351196",NA,"-0.0191932591363809","-0.247536668161686",NA,NA
"H3","-33.2840357715856","-0.139459353387095",NA,"-0.0192720567287431","-0.262510291247223",NA,NA
"H3","-31.4885814957743","-0.141918440926648",NA,"-0.0182840636080547","-0.26635941400339",NA,NA
"H3","-22.8995513134567","-0.349025393192395",NA,"-0.0148692657743796","-0.222876970824286",NA,NA
"H3","0","-0.172400558577026",NA,"-0.0256698941910062","-0.306396729906718",NA,NA
"H3","-50.7148141966218","-0.179785425802124",NA,"0","-0.317911910494286",NA,NA
"H3","-16.7612389406978","0",NA,"-0.0111002797541162","-0.204595506440856",NA,NA
"H3","-32.8411279299639","-0.0734501223123668",NA,"-0.0194445928000265","0",NA,NA
"H3","0","-0.246231006838787",NA,"-0.0179865365794525","-0.247974235468145",NA,NA
"H3","-38.2511266483357","-0.260240089474893",NA,"0","-0.265579980787053",NA,NA
"H3","-37.116758212912","-0.116068602791525",NA,"-0.0213917580335593","-0.275573679039547",NA,NA
"H3","-40.1238726574542","-0.235136696819448",NA,"0","-0.278130109250084",NA,NA
"H3","-37.3348758434595","-0.12810960679329",NA,"-0.0215106501314477","-0.292503898508048",NA,NA
"H3","0","-0.16914074814465",NA,"-0.024050119100785","-0.292198349483617",NA,NA
"H3","-49.1339167390102","-0.120346082399865",NA,"-0.0259900218183375","-0.306712512243251",NA,NA
"H3","0","-0.164647365432035",NA,"-0.0291420339608566","-0.304884202263178",NA,NA
"H3","0","-0.24980535302366",NA,"-0.0176880692659617","-0.247630801946606",NA,NA
"H3","-36.7100346204959","-0.230334434690051",NA,"-0.0235124375231925","-0.279419707069848",NA,NA
"H3","-28.8726183478415","-0.193874320411042",NA,"-0.0170980741973715","-0.255036317140218",NA,NA
"H3","-23.0211248001873","-0.317928956537816",NA,"-0.0144734729623142","-0.235441710289137",NA,NA
"H3","0","-0.182526123251883",NA,"-0.0226949236975755","-0.288088151440999",NA,NA
"H3","-17.6555621613124","0",NA,"-0.0120229763515212","0",NA,NA
"H3","-35.8195392712082","-0.19230567925999",NA,"-0.0196151233202538","-0.269705520730839",NA,NA
"H3","-17.9431793693422","-0.235087592578946",NA,"-0.0125533261462902","0",NA,NA
"H3","-23.7782823972216","0",NA,"-0.0145614602922535","-0.238579436917445",NA,NA
"H3","0","0",NA,"0","0",NA,NA
"H3","0","-0.153060075733363",NA,"-0.028602700223946","-0.323329761369213",NA,NA
"H3","-45.4402706581544","-0.200306330479024",NA,"-0.0263730673243796","-0.298446802040299",NA,NA
"H3","-12.9173228488814","0",NA,"-0.0090792500642216","-0.183564721031958",NA,NA
"H3","-25.083399687441","-0.232412240635451",NA,"-0.0149835908412289","-0.232374886785221",NA,NA
"H3","-26.8587505956432","-0.232393896983303",NA,"-0.0155233973117427","-0.242986026159292",NA,NA
"H3","-17.6510106913051","0",NA,"-0.0118646340988514","-0.218579081460108",NA,NA
"H3","0","-0.189038008733651",NA,"-0.0254575795781602","-0.28601648106776",NA,NA
"H3","-53.785280674636","-0.2596887522946",NA,"-0.0306470085353063","-0.333366298902271",NA,NA
"H3","-45.1538888467065","-0.197806020590029",NA,"0","-0.299044355189485",NA,NA
"H3","-49.3583892407567","-0.198824302193049",NA,"0","-0.313827047679931",NA,NA
"H3","-4.47816607871121","-0.224256376846493",NA,"-0.0110252030577045","-0.183768570742615",NA,NA
"H3","-15.4378052903007","0",NA,"-0.0110887927855296","-0.208025095906878",NA,NA
"H3","-7.38484462805994","0",NA,"-0.00939687016940863","-0.178754036130774",NA,NA
"H3","-42.0190621685759","-0.082509528844145",NA,"-0.0242257340497978","-0.294224630533311",NA,NA
"H3","-32.5340571594368","-0.17632673095987",NA,"-0.0191059929424863","-0.270337953369873",NA,NA
"H3","-45.5939692443905","-0.137346615646834",NA,"-0.0244271461577244","-0.29983107778643",NA,NA
"H3","-36.2829182240788","-0.160292577019112",NA,"-0.0204759197163013","-0.276138108238585",NA,NA
"H3","0","-0.209393314981895",NA,"-0.0206808454273926","-0.268295654393147",NA,NA
"H3","0","-0.142554092931835",NA,"-0.0270128326981028","-0.31576007594648",NA,NA
"H3","-24.264413770854","0",NA,"-0.0154148265008221","0",NA,NA
"H3","-20.7538029380057","0",NA,"-0.0137565928917203","0",NA,NA
"H3","-22.6436966775996","0",NA,"-0.0144454330984645","-0.231523271267289",NA,NA
"H3","0","-0.157171953416513",NA,"-0.0315525463487713","-0.313821705670077",NA,NA
"H3","-26.5641760288556","-0.240207631343874",NA,"-0.0168299356505254","-0.228607306891926",NA,NA
"H3","-26.0808798444969","-0.267460222128998",NA,"-0.0164744779715865","-0.232907972120763",NA,NA
"H3","-1.38920511964815","-0.313932155682194",NA,"-0.00324261147859458","0",NA,NA
"H3","0","-0.197217130540444",NA,"-0.0262991562760338","-0.293943886288266",NA,NA
"H3","0","-0.160324549102642",NA,"-0.0305599106380404","-0.313203374594411",NA,NA
"H3","-26.80118106441","-0.319138453106406",NA,"-0.0168216985398171","-0.239261352006962",NA,NA
"H3","-21.9336187479153","-0.325833232065307",NA,"0","-0.211625021468092",NA,NA
"H3","-37.8975618726264","-0.165951299434538",NA,"-0.0206202011791954","-0.283174899297806",NA,NA
"H3","-22.8846517797644","-0.220976047474618",NA,"-0.0142194013759709","-0.234322340561965",NA,NA
"H3","-51.9340980390272","-0.261896870633207",NA,"-0.029774279184676","-0.322930832989677",NA,NA
"H3","-24.396880249516","-0.231180614578711",NA,"-0.0148885464335034","-0.231059526951357",NA,NA
"H3","-19.9495372255009","-0.184855571838518",NA,"-0.0134727630226094","0",NA,NA
"H3","-18.4024685840303","-0.183624267029897",NA,"-0.0126306149050318","0",NA,NA
"H3","-39.3107953945187","-0.124641305500624",NA,"-0.0223637770160433","-0.289444956064089",NA,NA
"H3","-32.6670979337702","-0.374498170469554",NA,"-0.0200337474398695","-0.24663972321311",NA,NA
"H3","-32.2931946906103","-0.173279436146034",NA,"-0.0189415538460417","-0.262603826584069",NA,NA
"H3","-20.282432604355","-0.320142624898276",NA,"-0.0131683842367514","-0.21525692448867",NA,NA
"H3","-21.401487490189","-0.265347178099856",NA,"-0.0135956848632924","-0.218183008723791",NA,NA
"H3","-30.4750288592576","-0.259522556144645",NA,"0","-0.254126685267098",NA,NA
"H3","-36.6822118171885","-0.222260675180255",NA,"-0.0230098094651818","-0.274707595703197",NA,NA
"H3","-41.100787464784","-0.130000186733617",NA,"-0.0231964498961188","-0.296176370897653",NA,NA
"H3","-22.3788097305922","-0.171344701696343",NA,"-0.0149637880597193","0",NA,NA
"H3","-32.1406363073898","-0.0498315039087425",NA,"-0.0195702465105457","0",NA,NA
"H3","-38.9776701282696","-0.230956134391692",NA,"-0.0229416814575589","-0.282714519226209",NA,NA
"H3","-30.945442410619","-0.2405756826033",NA,"-0.0196495409184609","-0.255025563093187",NA,NA
"H3","-37.5408927659498","-0.136030468782297",NA,"-0.0215624800526113","-0.290528670773447",NA,NA
"H3","-26.1560471687342","-0.0762963621640586",NA,"-0.0171943564827334","-0.255324439032863",NA,NA
"H3","-32.607669409825","-0.149590103079606",NA,"-0.01920112641637","0",NA,NA
"H3","-40.0317464014495","-0.161226313985033",NA,"-0.021521308964916","-0.282693342209297",NA,NA
"H3","-24.7664844164557","-0.309280679846932",NA,"0","-0.219493201902175",NA,NA
"H3","-21.3711105650744","-0.165221134461305",NA,"-0.0142601119382353","0",NA,NA
"H3","-37.3324976227027","-0.153027636356205",NA,"-0.0213734698528215","-0.279148533526588",NA,NA
"H3","0","-0.114704036386518",NA,"-0.0360254246074793","-0.349878075557871",NA,NA
"H3","-27.3540257556794","-0.200565208236817",NA,"-0.0165814585515864","-0.243527641229427",NA,NA
"H3","-33.9177765997085","-0.150320108108572",NA,"-0.0197457433828565","-0.253344194902579",NA,NA
"H3","-39.7691659986062","-0.167102301585532",NA,"-0.0214427092034629","-0.286158676289786",NA,NA
"H3","-23.2081640280598","-0.155900976143336",NA,"-0.0151807688445065","0",NA,NA
"H3","-32.5227281907332","-0.193646174077358",NA,"-0.0184205386241397","-0.262271647808672",NA,NA
"H3","-37.1272826918789","-0.122456658177324",NA,"-0.0214201149802337","-0.288929462450224",NA,NA
"H3","-29.6387478297776","-0.267230243458081",NA,"-0.0200044817756429","-0.243595196711484",NA,NA
"H3","-15.0009935267864","0",NA,"-0.0106317972158516","0",NA,NA
"H3","-13.8002015241022","0",NA,"-0.0100292206294137","-0.190306515166392",NA,NA
"H3","-22.4078773855392","0",NA,"-0.0141567916025935","-0.240098950932182",NA,NA
"H3","-8.73346636376697","0",NA,"-0.00684503900289971","-0.188109842040033",NA,NA
"H3","-23.543129792451","-0.302622054930369",NA,"-0.0148703645633115","-0.217735111273553",NA,NA
"H3","0","-0.266455313639692",NA,"-0.0137731360263596","-0.220402909790104",NA,NA
"H3","0","-0.201765392170055",NA,"0","-0.190707931791093",NA,NA
"H4","-22.0552876929547",NA,NA,"-0.00663662542334028","-0.0727601229026686",NA,"-0.501572746586259"
"H4","-16.4463615972718",NA,NA,"-0.0122577668984414","-0.1295071371643",NA,"-0.921253554348368"
"H4","-27.7859880994988",NA,NA,"-0.00606323451414132","-0.0665913661786645",NA,"-0.445722541398417"
"H4","-15.3027925365234",NA,NA,"-0.0119919006975218","-0.126231014205214",NA,"-0.92163973535991"
"H4","-22.0725262597278",NA,NA,"0","0",NA,"0"
"H4","-15.8221200813372",NA,NA,"-0.0118925865310032","-0.124671801328063",NA,"-0.914045030793861"
"H4","-17.6939328579027",NA,NA,"-0.011685304842446","-0.123659780320672",NA,"-0.877778988559968"
"H4","-26.2305735929102",NA,NA,"0","-0.0847221453619937",NA,"-0.601753751142712"
"H4","-22.3249134066936",NA,NA,"0","0",NA,"0"
"H4","-18.556312392891",NA,NA,"0","-0.16336522107856",NA,"-1.27386217831916"
"H4","-24.6097405838793",NA,NA,"-0.00630887086401319","-0.069910108684155",NA,"-0.493071962579367"
"H4","0",NA,NA,"-0.0123260969614224","-0.126625532923418",NA,"-0.935047279131447"
"H4","0",NA,NA,"-0.0106870954888506","-0.104673554887307",NA,"-0.78384490082548"
"H4","-20.8460100629078",NA,NA,"0","-0.125376178919503",NA,"-0.970172929508103"
"H4","-14.8302821187615",NA,NA,"-0.013438623361899","-0.135847811178371",NA,"-1.00502986604512"
"H4","0",NA,NA,"0","-0.132879448348395",NA,"-1.02394719798123"
"H4","-14.8697930612959",NA,NA,"-0.0137866591453694","-0.148394099616979",NA,"-1.06117468612407"
"H4","-20.5594872212272",NA,NA,"-0.0150346373793429","0",NA,"0"
"H4","-15.3058030689085",NA,NA,"-0.0162846568540909","-0.1522544401849",NA,"-1.14265720366163"
"H4","-14.1254351143593",NA,NA,"0","0",NA,"0"
"H4","-20.6157779629607",NA,NA,"-0.0107990846184094","0",NA,"-0.772629949482016"
"H4","-17.8080218097552",NA,NA,"0","-0.127849151607924",NA,"-0.964077213639893"
"H4","-18.645059453264",NA,NA,"-0.0104760258545557","-0.112361705714265",NA,"-0.790379371061766"
"H4","-26.5803951178175",NA,NA,"-0.0081980129046528","-0.0871707581074729",NA,"-0.629390915483994"
"H4","-17.8231339756418",NA,NA,"-0.0141668026887976","0",NA,"0"
"H4","-23.4145431282885",NA,NA,"-0.00673336887218911","-0.0780232795335075",NA,"-0.537503490341766"
"H4","-18.8612245227899",NA,NA,"-0.0120069547068347","0",NA,"-0.990737170584949"
"H4","-27.1375032078903",NA,NA,"-0.0061537694229865","-0.0616488958602076",NA,"-0.438086598843546"
"H4","-21.0483918504739",NA,NA,"-0.00894361941065326","-0.0958758099763801",NA,"-0.687354390555455"
"H4","-25.4833442136237",NA,NA,"-0.00582206133447613","-0.0596481832426888",NA,"-0.41510965123109"
"H4","-12.1329084157919",NA,NA,"-0.0167257581100023","0",NA,"0"
"H4","-15.4664340207769",NA,NA,"0","-0.148462388429186",NA,"-1.11302509982571"
"H4","-37.9315645110361",NA,NA,"-0.00479303849730897","-0.0560078427600962",NA,"-0.371643917836561"
"H4","-25.5338972024819",NA,NA,"-0.0089234330217569","-0.0941376524610156",NA,"-0.67379899954257"
"H4","-22.4032456484813",NA,NA,"-0.0092437979037471","-0.108247889275284",NA,"-0.750220605300159"
"H4","-26.4923251058341",NA,NA,"-0.00682953012953208","-0.0781913601440917",NA,"-0.532388502357277"
"H4","-16.6834254737116",NA,NA,"-0.0160447043198383","0",NA,"0"
"H4","-15.5814410128004",NA,NA,"-0.0183321864726766","-0.174795261592494",NA,"-1.32059598012789"
"H4","-15.3705867116679",NA,NA,"-0.0158330404919785","0",NA,"-1.10986150921372"
"H4","-14.1186132950736",NA,NA,"0","-0.164842242480315",NA,"-1.23912758345287"
"H4","-26.0498083424385",NA,NA,"0","-0.0500568643142261",NA,"-0.382481408414764"
"H4","-24.8038091723246",NA,NA,"-0.0059148636977933","-0.069147476210384",NA,"-0.472461322617154"
"H4","-32.0815593073465",NA,NA,"-0.00435165628499165","-0.0454074709867431",NA,"-0.311738899975914"
"H4","-11.7225659293771",NA,NA,"-0.0154703944468259","-0.155262409422408",NA,"-1.1238763652015"
"H4","-20.8685886332459",NA,NA,"-0.0119182655900415","-0.129958619619619",NA,"-0.919967693402446"
"H4","0",NA,NA,"-0.0152707287392987","-0.144752451629499",NA,"-1.07842732666222"
"H4","-18.7795734499892",NA,NA,"-0.0128792172980767","-0.141817998556319",NA,"-1.0150809243287"
"H4","-18.1053944086682",NA,NA,"-0.0124415250190685","0",NA,"-0.909420415237804"
"H4","-14.6171506302442",NA,NA,"-0.0183458528931196","0",NA,"0"
"H4","-22.9115174223564",NA,NA,"-0.00950800450262868","-0.0988158859947381",NA,"-0.718784476575758"
"H4","-25.2346796583904",NA,NA,"-0.0078642903607872","-0.0871886112955972",NA,"-0.611967926466374"
"H4","-19.7487114322587",NA,NA,"-0.00834670888145698","-0.0938409606516288",NA,"-0.658935243354864"
"H4","-19.3105491886354",NA,NA,"-0.0172800669122235","0",NA,"0"
"H4","-22.155309489298",NA,NA,"-0.00961554338840834","-0.102044458478829",NA,"-0.741284202979713"
"H4","-22.973410364779",NA,NA,"-0.00967505478313165","-0.111233184999269",NA,"-0.68689195082343"
"H4","-30.1297621148122",NA,NA,"0","-0.0394397761279284",NA,"0"
"H4","-16.0846929177901",NA,NA,"-0.0145589818898517","0",NA,"0"
"H4","-13.4434003820265",NA,NA,"-0.0168601942258301","0",NA,"0"
"H4","-24.1210969554319",NA,NA,"0","-0.0936719972469659",NA,"-0.696273832403178"
"H4","-25.95631366107",NA,NA,"-0.00850846410098421","0",NA,"0"
"H4","-15.8315269056663",NA,NA,"-0.0129250740221596","0",NA,"-1.04361791609356"
"H4","-21.0617466027782",NA,NA,"-0.00867238623981047","-0.0942119564802829",NA,"-0.654501448287441"
"H4","-22.8414256446872",NA,NA,"-0.0177645714229477","-0.16292402145706",NA,"-1.27648600784621"
"H4","-28.5766320958999",NA,NA,"-0.00864450683641628","-0.0935346515520317",NA,"-0.669291661734041"
"H4","-25.2568390477061",NA,NA,"-0.00759303258142876","-0.083970952166227",NA,"-0.58367511246995"
"H4","-29.6611188515933",NA,NA,"-0.00709751242252928","-0.0791095572775254",NA,"-0.547024733285248"
"H4","-14.0485866919713",NA,NA,"-0.0141855337280218","-0.151073963893092",NA,"-1.08878516166908"
"H4","-30.4769897957335",NA,NA,"-0.0109765172469428","-0.107586436016306",NA,"-0.791540255242099"
"H4","0",NA,NA,"-0.0118513699589198","-0.124950371938068",NA,"-0.889139842267849"
"H4","-29.1111161949379",NA,NA,"-0.00742288558132948","0",NA,"0"
"H4","-25.173663460232",NA,NA,"-0.00783147121621702","-0.0861320404769707",NA,"-0.608814050557071"
"H4","-20.8504599432261",NA,NA,"-0.0119378708961231","0",NA,"0"
"H4","-20.0982369765033",NA,NA,"0","0",NA,"0"
"H4","-14.8624318812416",NA,NA,"-0.0144102427500627","-0.157770255333938",NA,"-1.16141518568555"
"H4","-21.7741543820531",NA,NA,"-0.00740937279244684","-0.0694131741278654",NA,"-0.515997676947188"
"H4","-14.4538719506216",NA,NA,"-0.0123398348612933","-0.128621444991066",NA,"-0.929311313853426"
"H4","-17.6920517117105",NA,NA,"0","-0.132343623685298",NA,"-1.00830858005824"
"H4","-23.2416663474828",NA,NA,"-0.0115756759711605","-0.113150306267151",NA,"0"
"H4","-21.9489291179342",NA,NA,"-0.0135893017101414","-0.149784312903584",NA,"-1.07016796806334"
"H4","-15.7162604268792",NA,NA,"-0.00927936262615936","-0.0929506994433566",NA,"-0.66618700536054"
"H4","-18.2767845973855",NA,NA,"-0.0119546456810038","-0.122160909134699",NA,"-0.895728021495972"
"H4","-16.9508075573709",NA,NA,"-0.0132790362789517","-0.149522232929245",NA,"-1.07264930422724"
"H4","-24.8208793068453",NA,NA,"-0.00948676899208748","0",NA,"0"
"H4","-21.5341876962776",NA,NA,"-0.00808475480801285","-0.0888255395524754",NA,"-0.619951289949954"
"H4","-21.9495252261325",NA,NA,"-0.013213952966047","-0.145078606644388",NA,"-1.04106598612242"
"H4","-12.5935949584215",NA,NA,"-0.0206710366544636","0",NA,"0"
"H4","-23.0584715544811",NA,NA,"-0.00974029095333089","-0.103850837720628",NA,"-0.751761628075772"
"H4","-19.1634591856373",NA,NA,"-0.0121016989562177","-0.122095972383244",NA,"-0.902915234086333"
"H4","-16.7204749510497",NA,NA,"-0.0135727160362898","-0.131612802345983",NA,"-0.968307908083445"
"H4","-19.343232664697",NA,NA,"-0.00869258773617839","-0.0960778079847715",NA,"-0.668930577471577"
"H4","-21.4392839302399",NA,NA,"-0.0114603792472234","-0.127881644330664",NA,"-0.905274410243852"
"H4","-15.1910711298721",NA,NA,"-0.0134176452343396","-0.140313683419817",NA,"-1.00595338219355"
"H4","-21.8307460393613",NA,NA,"-0.0117121196445214","0",NA,"0"
"H4","-30.2593166399185",NA,NA,"-0.00582805740612154","-0.0669146397684693",NA,"-0.45406890745223"
"H4","-26.7918591518929",NA,NA,"-0.00541121859803775","-0.0640895228200769",NA,"-0.421104250174416"
"H4","-21.0192449153101",NA,NA,"-0.00856417395827983","-0.0942358393882405",NA,"-0.655335988887395"
"H4","-26.5762582971678",NA,NA,"-0.00487226064844429","-0.051260025781143",NA,"-0.349218379532436"
"H4","-24.9251364165208",NA,NA,"-0.00854838750310486","-0.0842918168788877",NA,"0"
"H4","-27.1882203993408",NA,NA,"-0.00793172430737749","-0.0896438122639022",NA,"-0.632709803630854"
"H4","-23.3643568190056",NA,NA,"-0.00601013220665381","-0.0608154716732512",NA,"-0.429581804313507"
"H5",NA,NA,NA,NA,NA,NA,"-0.225507224504761"
"H5",NA,NA,NA,NA,NA,NA,"-0.17182719577144"
"H5",NA,NA,NA,NA,NA,NA,"-0.289499594693526"
"H5",NA,NA,NA,NA,NA,NA,"-0.161223432508807"
"H5",NA,NA,NA,NA,NA,NA,"-0.229297817110787"
"H5",NA,NA,NA,NA,NA,NA,"-0.164743188673232"
"H5",NA,NA,NA,NA,NA,NA,"-0.195497443214237"
"H5",NA,NA,NA,NA,NA,NA,"-0.269763923661965"
"H5",NA,NA,NA,NA,NA,NA,"-0.219658088423761"
"H5",NA,NA,NA,NA,NA,NA,"0"
"H5",NA,NA,NA,NA,NA,NA,"-0.249939609738258"
"H5",NA,NA,NA,NA,NA,NA,"-0.145226834360338"
"H5",NA,NA,NA,NA,NA,NA,"0"
"H5",NA,NA,NA,NA,NA,NA,"-0.215432713209272"
"H5",NA,NA,NA,NA,NA,NA,"-0.156926108534424"
"H5",NA,NA,NA,NA,NA,NA,"0"
"H5",NA,NA,NA,NA,NA,NA,"-0.0975307825902086"
"H5",NA,NA,NA,NA,NA,NA,"0"
"H5",NA,NA,NA,NA,NA,NA,"-0.0326161178300967"
"H5",NA,NA,NA,NA,NA,NA,"-0.1471314284276"
"H5",NA,NA,NA,NA,NA,NA,"-0.21384697513588"
"H5",NA,NA,NA,NA,NA,NA,"-0.189384212198396"
"H5",NA,NA,NA,NA,NA,NA,"-0.193595321375502"
"H5",NA,NA,NA,NA,NA,NA,"-0.286095526200024"
"H5",NA,NA,NA,NA,NA,NA,"-0.196629578829779"
"H5",NA,NA,NA,NA,NA,NA,"-0.24176360958161"
"H5",NA,NA,NA,NA,NA,NA,"-0.204757685509353"
"H5",NA,NA,NA,NA,NA,NA,"-0.281154756464943"
"H5",NA,NA,NA,NA,NA,NA,"-0.22009561318123"
"H5",NA,NA,NA,NA,NA,NA,"-0.262442268766455"
"H5",NA,NA,NA,NA,NA,NA,"-0.134567382855713"
"H5",NA,NA,NA,NA,NA,NA,"-0.161622962416559"
"H5",NA,NA,NA,NA,NA,NA,"-0.385015432274794"
"H5",NA,NA,NA,NA,NA,NA,"-0.266780677738688"
"H5",NA,NA,NA,NA,NA,NA,"-0.240496118160053"
"H5",NA,NA,NA,NA,NA,NA,"-0.276229250042523"
"H5",NA,NA,NA,NA,NA,NA,"-0.176509779066101"
"H5",NA,NA,NA,NA,NA,NA,"-0.172826123745361"
"H5",NA,NA,NA,NA,NA,NA,"-0.163028552057659"
"H5",NA,NA,NA,NA,NA,NA,"-0.149565239447353"
"H5",NA,NA,NA,NA,NA,NA,"-0.260502151386063"
"H5",NA,NA,NA,NA,NA,NA,"-0.259331630098407"
"H5",NA,NA,NA,NA,NA,NA,"-0.325449477285956"
"H5",NA,NA,NA,NA,NA,NA,"0"
"H5",NA,NA,NA,NA,NA,NA,"-0.222463349648685"
"H5",NA,NA,NA,NA,NA,NA,"-0.155638170878037"
"H5",NA,NA,NA,NA,NA,NA,"-0.197783326581733"
"H5",NA,NA,NA,NA,NA,NA,"-0.187676762062754"
"H5",NA,NA,NA,NA,NA,NA,"-0.0584953698503039"
"H5",NA,NA,NA,NA,NA,NA,"-0.2351066365346"
"H5",NA,NA,NA,NA,NA,NA,"-0.261310990815398"
"H5",NA,NA,NA,NA,NA,NA,"-0.203228164479517"
"H5",NA,NA,NA,NA,NA,NA,"-0.197532371496986"
"H5",NA,NA,NA,NA,NA,NA,"-0.220392549357978"
"H5",NA,NA,NA,NA,NA,NA,"0"
"H5",NA,NA,NA,NA,NA,NA,"-0.305650634500873"
"H5",NA,NA,NA,NA,NA,NA,"0"
"H5",NA,NA,NA,NA,NA,NA,"0"
"H5",NA,NA,NA,NA,NA,NA,"-0.247722444592449"
"H5",NA,NA,NA,NA,NA,NA,"-0.261250305574985"
"H5",NA,NA,NA,NA,NA,NA,"0"
"H5",NA,NA,NA,NA,NA,NA,"-0.21588008925655"
"H5",NA,NA,NA,NA,NA,NA,"0"
"H5",NA,NA,NA,NA,NA,NA,"-0.292590667078812"
"H5",NA,NA,NA,NA,NA,NA,"-0.257301705439948"
"H5",NA,NA,NA,NA,NA,NA,"-0.30151924910519"
"H5",NA,NA,NA,NA,NA,NA,"-0.146211449647953"
"H5",NA,NA,NA,NA,NA,NA,"-0.313735150823899"
"H5",NA,NA,NA,NA,NA,NA,"0"
"H5",NA,NA,NA,NA,NA,NA,"-0.301969640377288"
"H5",NA,NA,NA,NA,NA,NA,"-0.257632758552471"
"H5",NA,NA,NA,NA,NA,NA,"-0.21879963033145"
"H5",NA,NA,NA,NA,NA,NA,"-0.216937456830256"
"H5",NA,NA,NA,NA,NA,NA,"-0.167332297926662"
"H5",NA,NA,NA,NA,NA,NA,"-0.232413624306774"
"H5",NA,NA,NA,NA,NA,NA,"-0.0489266633213521"
"H5",NA,NA,NA,NA,NA,NA,"-0.188735887056364"
"H5",NA,NA,NA,NA,NA,NA,"-0.244883138108557"
"H5",NA,NA,NA,NA,NA,NA,"-0.221033176994318"
"H5",NA,NA,NA,NA,NA,NA,"-0.160170404856122"
"H5",NA,NA,NA,NA,NA,NA,"-0.200581789395624"
"H5",NA,NA,NA,NA,NA,NA,"-0.186653171609484"
"H5",NA,NA,NA,NA,NA,NA,"-0.250913123926946"
"H5",NA,NA,NA,NA,NA,NA,"-0.231952986165944"
"H5",NA,NA,NA,NA,NA,NA,"-0.24392506843406"
"H5",NA,NA,NA,NA,NA,NA,"-0.138573252782095"
"H5",NA,NA,NA,NA,NA,NA,"-0.244441958026182"
"H5",NA,NA,NA,NA,NA,NA,"-0.199632894109338"
"H5",NA,NA,NA,NA,NA,NA,"-0.178559376491784"
"H5",NA,NA,NA,NA,NA,NA,"-0.205487823412581"
"H5",NA,NA,NA,NA,NA,NA,"-0.226658011488333"
"H5",NA,NA,NA,NA,NA,NA,"-0.170550574241449"
"H5",NA,NA,NA,NA,NA,NA,"-0.227164066130719"
"H5",NA,NA,NA,NA,NA,NA,"-0.307279520540847"
"H5",NA,NA,NA,NA,NA,NA,"-0.273002996895164"
"H5",NA,NA,NA,NA,NA,NA,"-0.225398562523688"
"H5",NA,NA,NA,NA,NA,NA,"-0.274140649296338"
"H5",NA,NA,NA,NA,NA,NA,"-0.250173799836158"
"H5",NA,NA,NA,NA,NA,NA,"-0.283631911420679"
"H5",NA,NA,NA,NA,NA,NA,"-0.234455643461494"
"H6","-11.3574666529334",NA,NA,"-0.0100546745089499",NA,NA,NA
"H6","-9.14514059348711",NA,NA,"0",NA,NA,NA
"H6","-12.4294734168073",NA,NA,"-0.00948583656561376",NA,NA,NA
"H6","-6.48268060371106",NA,NA,"0",NA,NA,NA
"H6","-17.8492994917852",NA,NA,"-0.0162346748491551",NA,NA,NA
"H6","-7.68047901779212",NA,NA,"0",NA,NA,NA
"H6","-6.69308349065511",NA,NA,"0",NA,NA,NA
"H6","-23.2151370609664",NA,NA,"-0.0118268657953087",NA,NA,NA
"H6","-8.50918380086791",NA,NA,"-0.0227415689192655",NA,NA,NA
"H6","-10.9931617356229",NA,NA,"-0.0256565360710598",NA,NA,NA
"H6","-16.9089455025194",NA,NA,"0",NA,NA,NA
"H6","-5.83641493349055",NA,NA,"-0.0204166947136114",NA,NA,NA
"H6","0",NA,NA,"-0.0154405907901037",NA,NA,NA
"H6","-18.7815578985182",NA,NA,"-0.0190381838229167",NA,NA,NA
"H6","-6.41701005315037",NA,NA,"0",NA,NA,NA
"H6","-15.7496754852284",NA,NA,"-0.0204000280404368",NA,NA,NA
"H6","-5.53154609539143",NA,NA,"0",NA,NA,NA
"H6","-10.0701609277352",NA,NA,"-0.0211909679827483",NA,NA,NA
"H6","0",NA,NA,"-0.0232735823162505",NA,NA,NA
"H6","-11.0072847361964",NA,NA,"-0.0231164041824059",NA,NA,NA
"H6","0",NA,NA,"-0.0153097325167162",NA,NA,NA
"H6","-12.8985292687773",NA,NA,"-0.0198109084640806",NA,NA,NA
"H6","-10.9872339404758",NA,NA,"-0.0155674946707569",NA,NA,NA
"H6","0",NA,NA,"-0.0128894536448238",NA,NA,NA
"H6","-9.83641738975056",NA,NA,"-0.0203864514573164",NA,NA,NA
"H6","-13.7315524260667",NA,NA,"0",NA,NA,NA
"H6","-10.6816725299156",NA,NA,"-0.0180533659306659",NA,NA,NA
"H6","-11.9978222479935",NA,NA,"-0.0081873481090047",NA,NA,NA
"H6","-11.695042802812",NA,NA,"0",NA,NA,NA
"H6","-12.9682699894234",NA,NA,"-0.00790532418272986",NA,NA,NA
"H6","-7.11203844437205",NA,NA,"-0.0249268476850836",NA,NA,NA
"H6","-13.3048792203238",NA,NA,"-0.0230661283013694",NA,NA,NA
"H6","-21.4856554973977",NA,NA,"-0.00722217418192323",NA,NA,NA
"H6","-14.9875174913658",NA,NA,"-0.0133669257904691",NA,NA,NA
"H6","-13.8689297716062",NA,NA,"-0.0143922269375352",NA,NA,NA
"H6","-14.2737140424963",NA,NA,"0",NA,NA,NA
"H6","-12.3315608684485",NA,NA,"-0.0205917304914296",NA,NA,NA
"H6","-16.3956370498265",NA,NA,"-0.0261758494436347",NA,NA,NA
"H6","-12.7764968455126",NA,NA,"-0.02305514502144",NA,NA,NA
"H6","-12.0380224177869",NA,NA,"-0.025061309956347",NA,NA,NA
"H6","-14.0579762373764",NA,NA,"-0.00493398133164235",NA,NA,NA
"H6","-15.2526986997054",NA,NA,"0",NA,NA,NA
"H6","-18.2973601407286",NA,NA,"0",NA,NA,NA
"H6","-4.06368726038406",NA,NA,"0",NA,NA,NA
"H6","-9.07308134320517",NA,NA,"-0.0174295577577705",NA,NA,NA
"H6","0",NA,NA,"-0.0221361093785901",NA,NA,NA
"H6","-9.29209311142197",NA,NA,"-0.0184234762812912",NA,NA,NA
"H6","0",NA,NA,"-0.0180525158702713",NA,NA,NA
"H6","-7.3226917854681",NA,NA,"-0.0241599475863183",NA,NA,NA
"H6","-8.33102795786755",NA,NA,"-0.0156575634570756",NA,NA,NA
"H6","-10.3048396421039",NA,NA,"-0.0135811052996138",NA,NA,NA
"H6","-10.0047959229524",NA,NA,"-0.0131718032386944",NA,NA,NA
"H6","-11.0821080340913",NA,NA,"-0.0245344953866661",NA,NA,NA
"H6","-19.7008464783199",NA,NA,"-0.0134423385387897",NA,NA,NA
"H6","-17.9068429176262",NA,NA,"-0.0136707479432336",NA,NA,NA
"H6","-18.581350808726",NA,NA,"-0.00319306655251813",NA,NA,NA
"H6","-11.8927506700706",NA,NA,"-0.0213729476562868",NA,NA,NA
"H6","-10.2920610426107",NA,NA,"-0.0242300778837064",NA,NA,NA
"H6","-21.2859194745196",NA,NA,"-0.0138544486468893",NA,NA,NA
"H6","0",NA,NA,"-0.0113954259774941",NA,NA,NA
"H6","-8.63499487146886",NA,NA,"-0.0196313637692644",NA,NA,NA
"H6","-13.158030479478",NA,NA,"0",NA,NA,NA
"H6","-17.054431058357",NA,NA,"-0.0250160452609298",NA,NA,NA
"H6","-15.0516328768916",NA,NA,"-0.0132222718366834",NA,NA,NA
"H6","-10.3056262061775",NA,NA,"-0.0117401736262057",NA,NA,NA
"H6","-11.8901754381552",NA,NA,"-0.0111860088633396",NA,NA,NA
"H6","-7.08907038731551",NA,NA,"0",NA,NA,NA
"H6","-26.1812272975132",NA,NA,"-0.0152081549375209",NA,NA,NA
"H6","-10.9700191659451",NA,NA,"0",NA,NA,NA
"H6","0",NA,NA,"-0.0113830403718409",NA,NA,NA
"H6","-19.0005340228012",NA,NA,"-0.0116278929179957",NA,NA,NA
"H6","-15.6435124141215",NA,NA,"-0.0165706296289044",NA,NA,NA
"H6","-13.2509794796669",NA,NA,"-0.0194377341205144",NA,NA,NA
"H6","-6.63239438844043",NA,NA,"-0.0208461014612476",NA,NA,NA
"H6","0",NA,NA,"-0.00884846301857483",NA,NA,NA
"H6","-1.32872221877711",NA,NA,"-0.01860209623349",NA,NA,NA
"H6","-13.9202713901136",NA,NA,"-0.0205269207024527",NA,NA,NA
"H6","0",NA,NA,"-0.0163343450070301",NA,NA,NA
"H6","-5.9126406825743",NA,NA,"0",NA,NA,NA
"H6","-8.40442452399274",NA,NA,"-0.012679727359114",NA,NA,NA
"H6","-8.72276570066211",NA,NA,"0",NA,NA,NA
"H6","-9.71765152481094",NA,NA,"-0.0198277921669069",NA,NA,NA
"H6","0",NA,NA,"-0.0125654657940345",NA,NA,NA
"H6","-9.12584803139088",NA,NA,"-0.0126349283119405",NA,NA,NA
"H6","-8.97974576438406",NA,NA,"0",NA,NA,NA
"H6","-6.31443837127124",NA,NA,"-0.0289556506066781",NA,NA,NA
"H6","-12.7897813685878",NA,NA,"0",NA,NA,NA
"H6","-10.7001879935379",NA,NA,"0",NA,NA,NA
"H6","0",NA,NA,"-0.0200653504117151",NA,NA,NA
"H6","-8.43211984437802",NA,NA,"-0.0136981510113233",NA,NA,NA
"H6","-11.2669151234009",NA,NA,"-0.0171074570815537",NA,NA,NA
"H6","-5.70712531065718",NA,NA,"0",NA,NA,NA
"H6","0",NA,NA,"-0.0155777221943859",NA,NA,NA
"H6","-16.0135944864206",NA,NA,"0",NA,NA,NA
"H6","-16.9107775513549",NA,NA,"0",NA,NA,NA
"H6","-10.4520311607299",NA,NA,"0",NA,NA,NA
"H6","-16.4418300930973",NA,NA,"0",NA,NA,NA
"H6","0",NA,NA,"-0.0123207492189174",NA,NA,NA
"H6","-19.220108438766",NA,NA,"-0.0118752284934574",NA,NA,NA
"H6","-12.2440354021315",NA,NA,"-0.00763001269249362",NA,NA,NA
"H8",NA,NA,NA,NA,NA,NA,"0"
"H8",NA,NA,NA,NA,NA,NA,"-0.832944479920102"
"H8",NA,NA,NA,NA,NA,NA,"-0.585046987506621"
"H8",NA,NA,NA,NA,NA,NA,"-0.85524160159414"
"H8",NA,NA,NA,NA,NA,NA,"-0.772174602312268"
"H8",NA,NA,NA,NA,NA,NA,"-0.8360294550988"
"H8",NA,NA,NA,NA,NA,NA,"-0.848851693508386"
"H8",NA,NA,NA,NA,NA,NA,"-0.639239151273018"
"H8",NA,NA,NA,NA,NA,NA,"-0.973021660291954"
"H8",NA,NA,NA,NA,NA,NA,"-1.06045320006201"
"H8",NA,NA,NA,NA,NA,NA,"-0.571820654934806"
"H8",NA,NA,NA,NA,NA,NA,"0"
"H8",NA,NA,NA,NA,NA,NA,"-0.771231592704317"
"H8",NA,NA,NA,NA,NA,NA,"-0.849114472217147"
"H8",NA,NA,NA,NA,NA,NA,"-0.890364287481354"
"H8",NA,NA,NA,NA,NA,NA,"-0.898173242868805"
"H8",NA,NA,NA,NA,NA,NA,"-0.917694729846352"
"H8",NA,NA,NA,NA,NA,NA,"-0.918100232377332"
"H8",NA,NA,NA,NA,NA,NA,"-0.976420984048834"
"H8",NA,NA,NA,NA,NA,NA,"-0.96940870903866"
"H8",NA,NA,NA,NA,NA,NA,"-0.769256754136905"
"H8",NA,NA,NA,NA,NA,NA,"-0.898245851856219"
"H8",NA,NA,NA,NA,NA,NA,"-0.769863765491252"
"H8",NA,NA,NA,NA,NA,NA,"-0.686642400368483"
"H8",NA,NA,NA,NA,NA,NA,"-0.900698577389953"
"H8",NA,NA,NA,NA,NA,NA,"-0.620047604927372"
"H8",NA,NA,NA,NA,NA,NA,"-0.828228667158953"
"H8",NA,NA,NA,NA,NA,NA,"0"
"H8",NA,NA,NA,NA,NA,NA,"-0.705036725095693"
"H8",NA,NA,NA,NA,NA,NA,"0"
"H8",NA,NA,NA,NA,NA,NA,"-1.03995258154768"
"H8",NA,NA,NA,NA,NA,NA,"-0.980848597334094"
"H8",NA,NA,NA,NA,NA,NA,"-0.488845466777634"
"H8",NA,NA,NA,NA,NA,NA,"-0.68120084768826"
"H8",NA,NA,NA,NA,NA,NA,"-0.721691298382987"
"H8",NA,NA,NA,NA,NA,NA,"-0.62465453321785"
"H8",NA,NA,NA,NA,NA,NA,"-0.894451555493728"
"H8",NA,NA,NA,NA,NA,NA,"-1.0763004448829"
"H8",NA,NA,NA,NA,NA,NA,"-0.982640404928641"
"H8",NA,NA,NA,NA,NA,NA,"-1.04372405246779"
"H8",NA,NA,NA,NA,NA,NA,"-0.463077058465459"
"H8",NA,NA,NA,NA,NA,NA,"-0.583434232402518"
"H8",NA,NA,NA,NA,NA,NA,"-0.467418709960419"
"H8",NA,NA,NA,NA,NA,NA,"-0.966759737445666"
"H8",NA,NA,NA,NA,NA,NA,"-0.830137057440188"
"H8",NA,NA,NA,NA,NA,NA,"-0.948166167128515"
"H8",NA,NA,NA,NA,NA,NA,"-0.85438339196154"
"H8",NA,NA,NA,NA,NA,NA,"-0.823363367558831"
"H8",NA,NA,NA,NA,NA,NA,"-1.01094885105623"
"H8",NA,NA,NA,NA,NA,NA,"0"
"H8",NA,NA,NA,NA,NA,NA,"-0.679785683460166"
"H8",NA,NA,NA,NA,NA,NA,"-0.70680981404001"
"H8",NA,NA,NA,NA,NA,NA,"-1.00583935564428"
"H8",NA,NA,NA,NA,NA,NA,"-0.668616285344873"
"H8",NA,NA,NA,NA,NA,NA,"-0.710952243445517"
"H8",NA,NA,NA,NA,NA,NA,"0"
"H8",NA,NA,NA,NA,NA,NA,"-0.959839986327237"
"H8",NA,NA,NA,NA,NA,NA,"-1.00246015461065"
"H8",NA,NA,NA,NA,NA,NA,"-0.703677652803218"
"H8",NA,NA,NA,NA,NA,NA,"-0.625080699675127"
"H8",NA,NA,NA,NA,NA,NA,"-0.880836150049104"
"H8",NA,NA,NA,NA,NA,NA,"-0.687998663603659"
"H8",NA,NA,NA,NA,NA,NA,"-1.03584876853335"
"H8",NA,NA,NA,NA,NA,NA,"-0.676112581475568"
"H8",NA,NA,NA,NA,NA,NA,"0"
"H8",NA,NA,NA,NA,NA,NA,"0"
"H8",NA,NA,NA,NA,NA,NA,"-0.907404448372725"
"H8",NA,NA,NA,NA,NA,NA,"-0.734330102126473"
"H8",NA,NA,NA,NA,NA,NA,"-0.801119291798359"
"H8",NA,NA,NA,NA,NA,NA,"-0.636579215362411"
"H8",NA,NA,NA,NA,NA,NA,"-0.625439069396274"
"H8",NA,NA,NA,NA,NA,NA,"-0.795491090041412"
"H8",NA,NA,NA,NA,NA,NA,"-0.880311979118793"
"H8",NA,NA,NA,NA,NA,NA,"-0.93323583481082"
"H8",NA,NA,NA,NA,NA,NA,"-0.58620992919087"
"H8",NA,NA,NA,NA,NA,NA,"0"
"H8",NA,NA,NA,NA,NA,NA,"-0.913723961461508"
"H8",NA,NA,NA,NA,NA,NA,"-0.800099281467434"
"H8",NA,NA,NA,NA,NA,NA,"-0.909846026956351"
"H8",NA,NA,NA,NA,NA,NA,"-0.760611373342947"
"H8",NA,NA,NA,NA,NA,NA,"-0.820995799166724"
"H8",NA,NA,NA,NA,NA,NA,"-0.8800148060268"
"H8",NA,NA,NA,NA,NA,NA,"-0.657947588202085"
"H8",NA,NA,NA,NA,NA,NA,"0"
"H8",NA,NA,NA,NA,NA,NA,"-0.866502356280162"
"H8",NA,NA,NA,NA,NA,NA,"-1.14741431247384"
"H8",NA,NA,NA,NA,NA,NA,"-0.7256483363693"
"H8",NA,NA,NA,NA,NA,NA,"-0.802286860280518"
"H8",NA,NA,NA,NA,NA,NA,"-0.892820340711565"
"H8",NA,NA,NA,NA,NA,NA,"0"
"H8",NA,NA,NA,NA,NA,NA,"-0.798918965746246"
"H8",NA,NA,NA,NA,NA,NA,"-0.904227213471858"
"H8",NA,NA,NA,NA,NA,NA,"-0.754993510351498"
"H8",NA,NA,NA,NA,NA,NA,"-0.558640059347684"
"H8",NA,NA,NA,NA,NA,NA,"-0.540322945390837"
"H8",NA,NA,NA,NA,NA,NA,"-0.709604621232552"
"H8",NA,NA,NA,NA,NA,NA,"-0.503591562121625"
"H8",NA,NA,NA,NA,NA,NA,"-0.650453059512231"
"H8",NA,NA,NA,NA,NA,NA,"-0.634042309728061"
"H8",NA,NA,NA,NA,NA,NA,"0"
"LH1","-16.3273964938082",NA,"-1.08294975983033","-0.0280774393720215",NA,NA,"1.71126967509521"
"LH1","-27.0638196195945",NA,"-0.753921324737081","0",NA,NA,"0"
"LH1","-17.3314399523346",NA,"-1.40826693931776","-0.0283610874190452",NA,NA,"1.758281778149"
"LH1","-26.992322191085",NA,"0","0",NA,NA,"1.2604666059156"
"LH1","0",NA,"-1.05363227447927","-0.0348490110947604",NA,NA,"0"
"LH1","-25.1087104633425",NA,"-0.689874403292187","0",NA,NA,"1.29041501843428"
"LH1","-27.5059172855935",NA,"-0.861446916399827","0",NA,NA,"1.2716111775232"
"LH1","-19.5392292766249",NA,"-1.3304791837134","-0.0296331612638956",NA,NA,"1.78695273826566"
"LH1","0",NA,"-0.976017529176291","-0.0426460049843255",NA,NA,"1.16016721857433"
"LH1","0",NA,"0","-0.0460329204252055",NA,NA,"0.975100591111773"
"LH1","-14.1655899265553",NA,"-1.17768261811368","0",NA,NA,"1.71682983106911"
"LH1","-24.7644227455442",NA,"-0.576452858372329","-0.0419359226107969",NA,NA,"1.27061214698916"
"LH1","-23.3644857394958",NA,"0","0",NA,NA,"1.44460237063657"
"LH1","-25.659445438001",NA,"-0.960987207108638","-0.037825034609566",NA,NA,"1.32959613997608"
"LH1","-26.6328686199452",NA,"-0.620549239000856","0",NA,NA,"1.20224217906807"
"LH1","-27.6591930251013",NA,"-0.898338398167583","-0.0397272723350338",NA,NA,"1.28298422732325"
"LH1","-31.2126488370755",NA,"-0.322248466376158","0",NA,NA,"0"
"LH1","-29.7999436676872",NA,"0","0",NA,NA,"1.12725464219022"
"LH1","-33.634930121295",NA,"0.0480868200365946","0",NA,NA,"0"
"LH1","0",NA,"0","-0.0425291645183081",NA,NA,"1.15445101043346"
"LH1","0",NA,"-1.01798171009695","0",NA,NA,"1.44787936843812"
"LH1","0",NA,"0","-0.0397022823784095",NA,NA,"1.35030913839919"
"LH1","-25.2755758991608",NA,"-0.896660383917987","0",NA,NA,"0"
"LH1","-22.7604944184536",NA,"-1.37350270710642","-0.0314664715947343",NA,NA,"1.53121204674678"
"LH1","-30.4638574647502",NA,"-0.859710425165998","0",NA,NA,"0"
"LH1","-17.9260414563041",NA,"-1.14742340686329","0",NA,NA,"1.64044882644615"
"LH1","0",NA,"-0.903888111084204","0",NA,NA,"0"
"LH1","-15.0663541251214",NA,"-1.34321721835875","-0.0262380532106322",NA,NA,"1.79801213645057"
"LH1","-21.0236374581745",NA,"-1.0103826478266","-0.0314322719090839",NA,NA,"1.50299114875084"
"LH1","-13.8570736529027",NA,"-1.26348201284961","-0.0256026645437311",NA,NA,"1.82335309120007"
"LH1","0",NA,"-0.462994461705206","-0.0467116881233831",NA,NA,"0.993575159933879"
"LH1","0",NA,"-0.692600771941984","-0.0429437283301561",NA,NA,"1.09407127501058"
"LH1","-12.0353704929974",NA,"-1.87711357579463","0",NA,NA,"0"
"LH1","-20.870264883656",NA,"-1.22763712959108","0",NA,NA,"0"
"LH1","-25.4484656020038",NA,"-1.10872835331859","0",NA,NA,"0"
"LH1","-19.7906615778957",NA,"-1.32798629226868","0",NA,NA,"0"
"LH1","0",NA,"-0.743045249251451","-0.0396304031495614",NA,NA,"0"
"LH1","-37.9436985598468",NA,"-0.747641000733224","-0.0465251623039487",NA,NA,"0.893992595360055"
"LH1","0",NA,"-0.69118307937131","-0.0430119856638161",NA,NA,"1.11910084851152"
"LH1","-33.8559203915164",NA,"-0.630121923375432","-0.0453616513257578",NA,NA,"0.977330704636294"
"LH1","-10.3597002092515",NA,"-1.27763228387235","-0.0205227948422866",NA,NA,"1.99763819656072"
"LH1","-17.1293531539418",NA,"-1.25366926930258","0",NA,NA,"0"
"LH1","-12.6496523529721",NA,"-1.58371281769783","-0.0241740950483044",NA,NA,"1.88773492490193"
"LH1","-29.248295933719",NA,"0","-0.0425547870242378",NA,NA,"1.1129836184639"
"LH1","-28.5764371537824",NA,"-0.992499732655032","0",NA,NA,"0"
"LH1","0",NA,"-0.264356922834483","0",NA,NA,"0"
"LH1","-28.0546117302291",NA,"-0.857003064761289","0",NA,NA,"0"
"LH1","-26.4082413661492",NA,"-0.845260187435302","0",NA,NA,"1.3147382428651"
"LH1","0",NA,"-0.0929995991121456","0",NA,NA,"0"
"LH1","-19.7867385557813",NA,"-1.0604343789942","-0.0352836213776614",NA,NA,"1.50325307436585"
"LH1","-19.6147699367983",NA,"-1.21447664352219","-0.0336682741119003",NA,NA,"1.59722072416217"
"LH1","-20.8770364839104",NA,"-0.954423545442402","-0.0348637646293872",NA,NA,"1.55151332669287"
"LH1","0",NA,"0","0",NA,NA,"1.01928383011352"
"LH1","-18.9821463189219",NA,"-1.01413134384425","0",NA,NA,"0"
"LH1","-20.2701965869361",NA,"0","0",NA,NA,"0"
"LH1","-8.53028447139694",NA,"-1.48670537125708","-0.0185500960956073",NA,NA,"2.10083897179305"
"LH1","0",NA,"-0.764030158843033","-0.0421282376957354",NA,NA,"1.23946968412578"
"LH1","0",NA,"-0.561078667573318","0",NA,NA,"1.05009246204026"
"LH1","-22.2587855995251",NA,"-1.21488623243717","-0.0321412382389986",NA,NA,"1.67760553145656"
"LH1","0",NA,"-1.29579872912074","-0.0291274429800915",NA,NA,"1.62547372050107"
"LH1","-31.6703776501803",NA,"-0.761555060326774","0",NA,NA,"0"
"LH1","-20.8706338775441",NA,"-1.03030388737827","-0.0316861276771759",NA,NA,"0"
"LH1","-35.2178464984996",NA,"-1.08492169942855","-0.0449823206090404",NA,NA,"0.965812897536889"
"LH1","-19.9946579561898",NA,"-1.36824272647135","0",NA,NA,"0"
"LH1","-16.4171757253795",NA,"-1.16978853990763","-0.0304384802280817",NA,NA,"1.63898828620225"
"LH1","-15.3125336913631",NA,"-1.39342958692945","-0.0293201685896398",NA,NA,"1.68622659429934"
"LH1","-28.7455996055021",NA,"0","0",NA,NA,"0"
"LH1","-24.413782852026",NA,"-1.50847661314288","-0.0344435273140228",NA,NA,"1.44323299085487"
"LH1","-24.9445620814271",NA,"-0.861752542479023","0",NA,NA,"0"
"LH1","0",NA,"-1.47144559626473","0",NA,NA,"1.65715822638794"
"LH1","-19.3851862473713",NA,"-1.22241396529368","0",NA,NA,"0"
"LH1","0",NA,"-1.03907014677589","-0.0357300773510455",NA,NA,"1.36588080577727"
"LH1","0",NA,"-0.983772261933026","0",NA,NA,"0"
"LH1","-32.4233764936948",NA,"-0.682616413897063","0",NA,NA,"0"
"LH1","-17.0410592381501",NA,"-1.09809658850926","-0.0273526125234629",NA,NA,"1.7309255148835"
"LH1","-23.889463014563",NA,"-0.0106483957028725","-0.0391631213760658",NA,NA,"1.26568211281617"
"LH1","0",NA,"-0.857677634588852","-0.0403065830853733",NA,NA,"1.29081906584259"
"LH1","0",NA,"-1.1160091567498","0",NA,NA,"0"
"LH1","-31.7594739218698",NA,"-0.977408374342217","0",NA,NA,"0"
"LH1","-17.0558289661533",NA,"-0.649068141830985","-0.0310428816605072",NA,NA,"1.57932509863804"
"LH1","-24.3368410908491",NA,"-0.843222692955422","0",NA,NA,"1.31473623925167"
"LH1","-30.3765722921994",NA,"-0.783025086665103","0",NA,NA,"0"
"LH1","0",NA,"-1.20924044061504","-0.0304166766620174",NA,NA,"1.57630453556781"
"LH1","-17.8095708234176",NA,"-1.0261874573631","-0.0316403344020376",NA,NA,"1.58828083810756"
"LH1","-28.2657787129598",NA,"-1.07854724973875","0",NA,NA,"0"
"LH1","0",NA,"-0.491965931270958","-0.0511402529398359",NA,NA,"0.759444705236673"
"LH1","-20.8691604303056",NA,"-1.09041891377776","-0.033163304567778",NA,NA,"0"
"LH1","-21.6948492909425",NA,"-0.814493015226598","0",NA,NA,"1.34306628416291"
"LH1","0",NA,"-0.375414877264676","0",NA,NA,"0"
"LH1","-20.3050518872941",NA,"-0.911755143511797","-0.0339395825102724",NA,NA,"1.52552544937721"
"LH1","-27.2872607631796",NA,"-1.01859446323258","0",NA,NA,"0"
"LH1","-29.0018520850329",NA,"-0.692719269227734","-0.0400992770869163",NA,NA,"1.18119419499281"
"LH1","0",NA,"-1.05762149557502","-0.0330926936918822",NA,NA,"1.42826934878418"
"LH1","-13.4444972571466",NA,"-1.45734504398281","-0.028695185963741",NA,NA,"1.79565218633798"
"LH1","-13.7382355354569",NA,"-1.29657397568401","-0.027905976390738",NA,NA,"1.76815676939953"
"LH1","-22.2792023991995",NA,"-1.04902846211527","-0.031634553902177",NA,NA,"1.4971045768326"
"LH1","-14.9222344936172",NA,"-1.3941090824528","-0.0260969471883974",NA,NA,"1.83014874090827"
"LH1","0",NA,"-1.22281631191435","-0.0291703205011603",NA,NA,"1.63496289691661"
"LH1","-20.4438464660368",NA,"-1.33464873008359","0",NA,NA,"0"
"LH1","-11.8468063474198",NA,"-1.11631531407255","-0.0248284676154283",NA,NA,"1.8310179497988"
"LH2","-24.8659631079373","-0.0748724953169108",NA,"-0.0271252747335731",NA,"-3103.30217919535","1.55967209722975"
"LH2","-38.2970829673084","-0.138851394278121",NA,"-0.0342683578219427",NA,"-5744.17557133573","1.2360155240016"
"LH2","-22.9814819791446","-0.0734741341778611",NA,"-0.0264589304322071",NA,"-3021.6556358499","0"
"LH2","-38.3495806133089","-0.137759998778319",NA,"-0.0340823254017206",NA,"-5811.14698404975","0"
"LH2","-35.0501592253957","0",NA,"-0.0348492039034291",NA,"0","1.40578335544656"
"LH2","-37.6631891137664","-0.135107137374247",NA,"-0.0336211453012974",NA,"-5566.59921457888","0"
"LH2","-37.8887055304319","-0.137096709491329",NA,"-0.0339044699447527",NA,"-5793.06080781336","0"
"LH2","0","-0.10316368905186",NA,"-0.0310403371753312",NA,"-4264.02294173746","1.60370519269923"
"LH2","0","-0.176954638603434",NA,"-0.0413182036200675",NA,"-7545.16542288174","1.00694109006719"
"LH2","0","0",NA,"0",NA,"0","0.901566915978426"
"LH2","-24.0585448866622","-0.0725111523271221",NA,"-0.0264943885903879",NA,"-3013.90897487169","0"
"LH2","-38.8154197026194","-0.128355760563148",NA,"-0.0347305074540822",NA,"-5519.82585914874","1.21087240267179"
"LH2","-37.2474322775671","-0.123876744911265",NA,"-0.0326323954080754",NA,"0","1.47607797566583"
"LH2","0","-0.150920641373818",NA,"-0.0337162408216431",NA,"-6189.71312811742","1.20468175314908"
"LH2","-41.431273707057","-0.147381954510337",NA,"-0.0358286955390323",NA,"-6207.24951414916","0"
"LH2","0","0",NA,"-0.0349409906774378",NA,"0","1.16523006016588"
"LH2","-42.289927444452","-0.155813569829515",NA,"-0.0364313880759764",NA,"-6601.0769046669","1.11245563784383"
"LH2","0","0",NA,"-0.0390605325088771",NA,"-6875.81706701231","1.16776202073384"
"LH2","-50.8206603104838","-0.178300520514377",NA,"-0.0399268589315244",NA,"-8045.83476324674","1.09638858236899"
"LH2","-46.868998069895","-0.180583200330804",NA,"-0.0415566341578975",NA,"0","1.01210101190228"
"LH2","-36.9733521828878","-0.123673556895866",NA,"-0.0325587687986312",NA,"0","1.48053099599695"
"LH2","0","0",NA,"-0.0381454791903258",NA,"0","1.16073645469088"
"LH2","-34.9943173341904","-0.124458964704765",NA,"-0.0326061505958077",NA,"-5162.40106311831","1.32977327697907"
"LH2","0","-0.109833413637564",NA,"-0.0315409383221753",NA,"-4599.20009819131","1.57621732050499"
"LH2","-46.5121011872302","-0.175946396797975",NA,"-0.0384284769174489",NA,"-6577.14018921018","1.19952274032748"
"LH2","-26.0693616290186","-0.082591007965299",NA,"-0.0276730832465366",NA,"-3444.37922875573","0"
"LH2","-38.9131566789013","-0.142801662696155",NA,"-0.0340872134525221",NA,"-6315.46477593929","1.37345398350862"
"LH2","-21.9627805534258","-0.071750352306992",NA,"-0.0256256847627736",NA,"-2839.20266279068","1.63494858257021"
"LH2","-30.5263782764154","-0.103756585711445",NA,"-0.0303365417768268",NA,"-4361.28578816325","0"
"LH2","-21.3268160255217","-0.065234297701917",NA,"-0.0256294248470639",NA,"-2598.36137533352","1.65791797818333"
"LH2","-49.6698750456406","-0.198662072264111",NA,"0",NA,"0","0.889293913246484"
"LH2","0","0",NA,"-0.0370097159524279",NA,"0","1.02635553821118"
"LH2","-20.5840507775541","-0.0585995324799262",NA,"-0.0243996674409291",NA,"-2501.59616222433","0"
"LH2","-30.0900990052894","-0.103413410128221",NA,"-0.0296714771133873",NA,"-4463.11659615964","1.45894949330814"
"LH2","-32.3879556418492","-0.116882644212027",NA,"-0.0312996535293015",NA,"-4876.84376346116","1.35818875729627"
"LH2","-26.497823057918","-0.087685905879705",NA,"-0.028268880243782",NA,"-3704.6612947352","0"
"LH2","-41.6159136491997","-0.161567900147426",NA,"-0.0392833035856169",NA,"0","1.14651445188298"
"LH2","-51.5960509864291","-0.220337516918343",NA,"0",NA,"-9138.66186124067","0.842949619785489"
"LH2","0","0",NA,"-0.0370548343817494",NA,"0","1.02267842176017"
"LH2","0","0",NA,"0",NA,"0","0.925085167951155"
"LH2","-18.2000669909155","-0.0561252812279855",NA,"-0.0216867938397099",NA,"0","1.87260798745956"
"LH2","-24.3388159776807","-0.0744966994567507",NA,"-0.0267697579238329",NA,"-3150.42446333964","0"
"LH2","-17.8738352481274","-0.0496413940243746",NA,"-0.0236378551771928",NA,"-1984.04768634324","0"
"LH2","-45.2764510728707","-0.164702938138547",NA,"-0.0378159717837851",NA,"-6940.26039320507","0"
"LH2","-37.9206991732038","-0.139010311894947",NA,"-0.0341487166505854",NA,"-5772.75280250298","0"
"LH2","-48.7054053889994","-0.175651548769391",NA,"-0.0390438987148623",NA,"-7598.90927211152","1.14715325930785"
"LH2","-39.5057168749984","-0.144063877630285",NA,"-0.0348360751289543",NA,"-6090.18051095843","0"
"LH2","-41.7337632124278","0",NA,"-0.0355778281066765",NA,"-5923.10329269731","1.3469448552077"
"LH2","-47.1127829974645","0",NA,"-0.0425372481940856",NA,"-7854.39592424143","0.951783461109602"
"LH2","-31.610708401272","-0.100961267415957",NA,"-0.0305764398968301",NA,"-4236.39618386282","1.37712830809993"
"LH2","-28.889947895969","-0.0919512737324158",NA,"-0.029187492643587",NA,"-3922.38666570342","0"
"LH2","-30.0267524986908","-0.100973775977901",NA,"-0.029796337739051",NA,"-4218.3782569793","0"
"LH2","0","0",NA,"-0.044422959749031",NA,"0","0.939768669009496"
"LH2","-31.6944881496461","0",NA,"-0.0300975348186927",NA,"-4200.72391712156","1.43251592314072"
"LH2","-34.3004822816954","0",NA,"-0.0303907574790071",NA,"0","1.59964256290734"
"LH2","-15.4204145617809","-0.0411747421787045",NA,"-0.0204091406907804",NA,"-1545.85135157957","1.90193942610449"
"LH2","0","0",NA,"0",NA,"0","1.07673959721028"
"LH2","0","0",NA,"0",NA,"0","0.943045845554582"
"LH2","0","-0.115223845154379",NA,"-0.0328313906965838",NA,"-4767.68041216287","1.47111970810824"
"LH2","-26.8835618428813","-0.0938091833384696",NA,"-0.0294745135966368",NA,"-3858.41362196646","1.70016950040452"
"LH2","-41.4034748646558","-0.151946051230529",NA,"-0.0354308021707116",NA,"-6597.04197108001","1.13224691734604"
"LH2","-30.2904459809478","-0.102587582524897",NA,"-0.0298684868205668",NA,"-4241.79467040328","0"
"LH2","-49.8019818099758","-0.209108831691988",NA,"0",NA,"-8645.83831856952","0.902992536555527"
"LH2","-29.8899291908946","-0.101910827236775",NA,"-0.0295578349802472",NA,"-4297.35427499021","1.46606827702867"
"LH2","-27.0505351364207","-0.081745726016564",NA,"-0.0280861702947867",NA,"-3365.1658854749","1.49624343732115"
"LH2","-25.7776557028832","-0.0763746684733976",NA,"-0.0273844158973202",NA,"-3149.30313948138","1.53832729776557"
"LH2","-42.2993102046479","-0.155536619849976",NA,"-0.0362497147580213",NA,"-6408.49087955526","1.12471122669815"
"LH2","-34.2867935263889","-0.134641496526344",NA,"0",NA,"-5544.78783219748","1.37035092327872"
"LH2","-36.9395146348523","-0.131040145586047",NA,"-0.0334790524784115",NA,"-5529.086802739","1.28163310429628"
"LH2","-29.5022036209363","0",NA,"-0.0284313971544881",NA,"0","1.68963320500232"
"LH2","-28.1207690075874","-0.0990432296108532",NA,"-0.0288952603008939",NA,"0","0"
"LH2","-34.6659964880354","0",NA,"-0.0352707665768013",NA,"0","1.40886277996383"
"LH2","-38.8792734509906","0",NA,"-0.0377436420565718",NA,"0","1.21706264622344"
"LH2","-44.4558206097432","-0.163115122212287",NA,"-0.0368512479371015",NA,"-6909.16217592641","1.05655480386568"
"LH2","-24.0411574467819","0",NA,"-0.0264476925745695",NA,"-3498.26749954879","1.63147392797374"
"LH2","-38.3019003263316","-0.127616168924469",NA,"-0.034132412234251",NA,"-5253.67237846917","1.20635263450518"
"LH2","0","0",NA,"-0.0400786552412606",NA,"0","1.14200100155531"
"LH2","-39.5604023854357","-0.131220732268116",NA,"-0.0341192820663634",NA,"0","1.43092387183122"
"LH2","-41.8730831166698","-0.154305404566599",NA,"-0.0362169845907572",NA,"-6540.69505860671","1.12431735311616"
"LH2","-29.2167044203941","-0.100399749824227",NA,"-0.0291689515750581",NA,"-3984.14934726747","1.44175313452107"
"LH2","-36.9768268734553","-0.131733968643949",NA,"-0.0332346493340158",NA,"-5546.37939289235","0"
"LH2","-42.7660147655969","-0.154605144940461",NA,"-0.0363079107419143",NA,"-6404.06596638905","1.13301011039955"
"LH2","-28.5926112959085","-0.101551274502772",NA,"-0.0303940361359134",NA,"-4165.85055411432","1.64700672916499"
"LH2","-28.3803012995607","-0.087850746655357",NA,"-0.0288314488266714",NA,"-3667.32890336349","0"
"LH2","-40.1748429832789","-0.146732900513537",NA,"-0.0351617363297848",NA,"-6199.17203613942","0"
"LH2","0","0",NA,"-0.0423025054855831",NA,"0","0.719250483444924"
"LH2","-32.3741963957955","-0.112797752609011",NA,"-0.0308257754756163",NA,"-4641.41942032995","0"
"LH2","-37.4906425684758","-0.129219458138647",NA,"-0.0336161274306164",NA,"-5277.37207134657","0"
"LH2","-44.0553312117212","-0.158669194520175",NA,"-0.0365792350609923",NA,"-6889.49169359965","0"
"LH2","-30.4743483524083","-0.0977989569412366",NA,"-0.0303239084991849",NA,"-4112.9019084038","1.39585201502602"
"LH2","-36.5390423681799","-0.13179022982911",NA,"-0.0333583253819919",NA,"-5707.26164870354","1.24747176363238"
"LH2","-41.8418133298744","-0.151627031038628",NA,"-0.0361336425738797",NA,"-6405.97353569107","0"
"LH2","-33.1206349893054","0",NA,"-0.0336491963032714",NA,"0","1.49819877124461"
"LH2","-23.1700156788041","-0.0640191389751681",NA,"-0.0262546146820293",NA,"-2710.57463680985","0"
"LH2","-22.2197993478022","-0.063094328895002",NA,"-0.0257662496112722",NA,"-2645.49746881942","0"
"LH2","-30.5121990415053","-0.103271893105663",NA,"-0.0304265308309313",NA,"-4413.55590174061","0"
"LH2","-19.5187674832285","-0.0585870977065801",NA,"-0.0244964326458337",NA,"-2369.69189058987","0"
"LH2","-31.3104412817071","0",NA,"-0.0295443419262844",NA,"0","1.65916442308267"
"LH2","-28.4842866887338","-0.10176356870698",NA,"-0.0291002334219972",NA,"-4451.16076042947","1.48243949133159"
"LH2","-21.220289573328","-0.0625097333778679",NA,"-0.0251804201320906",NA,"-2452.12483186713","1.72070397204788"
"LH3","-6.48729744598061","-0.0272107459332945",NA,"0","-0.134913984078009","0","0.748429684853125"
"LH3","-10.8717075752766","-0.058119399793311",NA,"0","-0.198824042285475","0","0.538955249790546"
"LH3","-6.13931643174547","-0.0260384105620646",NA,"-0.0194145111915372","-0.127010480438274","-1242.26941827252","0.741599964868774"
"LH3","-10.7018039580615","-0.0599085385811241",NA,"0","-0.205014032799638","-436.236354029147","0.542564885558772"
"LH3","-10.1609980596643","-0.0537600009323826",NA,"-0.023817804663364","-0.180859269054423","-808.915641248416","0.590657099642155"
"LH3","-10.7720013817127","-0.0586533175514151",NA,"0","-0.199780977822914","-453.366850677938","0.557548424055001"
"LH3","-10.5139993870498","-0.0593799641556257",NA,"0","-0.203009123824078","-710.555128318096","0.548515993642305"
"LH3","-7.99729007984247","-0.0404952368132895",NA,"-0.0210880911064294","-0.142551635399062","-1156.85165936548","0"
"LH3","0","-0.0797594528739545",NA,"0","-0.248181169427768","-792.157450483634","0.425186958590871"
"LH3","0","-0.0872658712749374",NA,"-0.0297028604281444","-0.263705854297213","-554.887092828008","0"
"LH3","-6.21130762802252","0",NA,"-0.0196171602500963","-0.12401930836628","-875.450227602088","0.750991350318794"
"LH3","-10.8470565240239","-0.0558590669246897",NA,"-0.0250650268194763","0","-62.2976049917743","0.527756117452205"
"LH3","-10.3471101269028","-0.0522197334159947",NA,"-0.0230707149728548","-0.180299739977431","-874.909536691816","0.611813198597238"
"LH3","0","-0.0645778145240862",NA,"-0.0253349995087239","-0.203331108039847","-645.386575970779","0"
"LH3","-11.7131582324258","-0.0638737674018979",NA,"0","-0.215515932959697","-347.254893659409","0.511424303083787"
"LH3","0","-0.0700628566138131",NA,"-0.0263773810094236","-0.217124735339279","-366.29895605564","0"
"LH3","-12.1293535802923","-0.0721224077072609",NA,"0","-0.222950553250942","-281.44757353019","0.48964988299769"
"LH3","-13.9563912056652","0",NA,"-0.0266411190650221","-0.232285093471794","-665.752857561448","0.469318159126022"
"LH3","-14.300737755428","0",NA,"0","-0.240513815634179","192.191112989778","0.421456709810806"
"LH3","-13.8491477950429","-0.079399610394491",NA,"-0.0286153141871663","-0.248299929957107","-231.394743930282","0.427050831731404"
"LH3","-10.212727208762","-0.052082363231902",NA,"-0.0230450026814733","-0.179630733391295","-865.241086828196","0.613380516330326"
"LH3","-11.7601248611821","-0.0693941837719792",NA,"-0.0264674102542239","-0.216387941061208","-890.633521253318","0"
"LH3","-9.5281032736738","0",NA,"0","-0.180557120853456","0","0.590509947809474"
"LH3","0","-0.0449826705769102",NA,"-0.0221364864129898","-0.155558343808208","-1303.12129228924","0"
"LH3","-13.0226419755538","0",NA,"-0.0263181900324614","-0.226593397144378","-724.346420005311","0.483995737794683"
"LH3","-6.5732107517706","-0.0320267660469366",NA,"-0.0206521961986972","-0.137445841306416","-959.64623043223","0.712488489867904"
"LH3","-10.9849953945558","0",NA,"0","-0.204971150370861","-727.472412175369","0.542859269433282"
"LH3","-6.18238292714809","0",NA,"-0.0209775822465427","-0.12016722222644","-1141.88092865778","0.791969550539605"
"LH3","-8.422687355101","-0.0445454148016199",NA,"0","-0.161989982778945","-791.324878823165","0.643142556189488"
"LH3","-5.83500558250469","-0.0221538673782791",NA,"-0.0206292153589594","-0.11570286880863","-1047.81753103894","0.804691442525714"
"LH3","-14.5488715381148","-0.0884368043457013",NA,"-0.0301418793184287","-0.268127766285152","-439.990007601256","0.356405795963287"
"LH3","0","-0.0799827822556812",NA,"-0.0280754295254644","-0.240842690636284","-417.485353258601","0"
"LH3","-5.09631098750514","-0.018893922090273",NA,"0","-0.104740932627913","-1414.73464916033","0.818403867215802"
"LH3","-8.24206517816496","0",NA,"0","-0.161492040522835","-943.345455731858","0.662210212655184"
"LH3","-8.80145604370834","-0.047129645089041",NA,"0","-0.172929678097824","-997.878358701288","0.62993236005016"
"LH3","-6.65672819777792","0",NA,"0","-0.14364013652209","-1181.38672797721","0.709120655607481"
"LH3","0","-0.0698037593843905",NA,"-0.0261237213361861","-0.225799051376786","-495.128967050009","0.488192663157412"
"LH3","-15.8713258924816","-0.0964800682320662",NA,"-0.0299702576733245","-0.268210294196818","-682.979757034813","0.344704733492124"
"LH3","0","-0.0800522244135376",NA,"-0.0281233369987727","-0.24126939071941","0","0"
"LH3","0","-0.0884909587607431",NA,"-0.0293594912166812","-0.258827690233294","-407.486510062687","0"
"LH3","0","-0.00407921760496007",NA,"-0.0166010065139066","0","-976.76508477994","0.893659033550261"
"LH3","-6.02122430155883","-0.0276728413328251",NA,"0","-0.131537046265977","-1094.48964509746","0.742425586771448"
"LH3","-4.71128243284999","-0.0140634841786544",NA,"0","-0.09693636276473","-1398.04163693034","0.836933279232955"
"LH3","-13.2802835942058","-0.074372542634391",NA,"0","-0.23749667187301","-54.5644859982461","0.447300108211369"
"LH3","-10.6771891762939","-0.0582151523966249",NA,"0","-0.197815882433816","0","0.541580388024732"
"LH3","-13.5491845790375","0",NA,"0","-0.232114576799795","-136.704320015234","0.444916345774941"
"LH3","-11.3258811615033","-0.0607905610182873",NA,"0","-0.205134853329723","-586.570402799438","0.521260573629932"
"LH3","-11.8348457361581","-0.0604661445483257",NA,"0","-0.204070860738118","-663.323051916915","0.546490456144808"
"LH3","-15.6640776027889","0",NA,"-0.028540252303374","-0.259749806663751","-70.247462517487","0.393925212398627"
"LH3","-8.39009427271509","-0.0412083191859575",NA,"-0.0223025104858279","-0.170557863441571","-729.408706406277","0.644150102649494"
"LH3","-7.46761379983924","-0.0368093071738354",NA,"0","-0.154532768034824","-975.835727766098","0.690622556597741"
"LH3","-8.08027440500367","-0.0404934468971332",NA,"-0.0224360183588403","-0.162356980609623","0","0.667489630036632"
"LH3","0","-0.0840658993575013",NA,"-0.0293698586945584","-0.259692073430806","-409.478220872322","0.383829794785407"
"LH3","-8.86144451435945","-0.0404056441884107",NA,"0","-0.159009051978943","-629.924729797606","0.671395489113872"
"LH3","-9.45328600288325","-0.0448482541271632",NA,"0","-0.163185634102489","0","0.659351728309676"
"LH3","0","0.000280025656717271",NA,"-0.0161360806728153","-0.0678779440014793","-1208.19120075854","0.90951999760681"
"LH3","-13.1383443816388","-0.0745232325014242",NA,"-0.027691177394576","-0.23447457328446","-450.544769882256","0.447225222170772"
"LH3","0","-0.0836469050788627",NA,"-0.0293119790246438","-0.258225423024314","-131.1837826091","0.386279948351205"
"LH3","0","-0.0481306515266477",NA,"-0.022420716246443","-0.160974676042908","-1065.72048006516","0"
"LH3","-7.5864669043359","-0.0369815439799014",NA,"-0.0208135602824968","-0.138540524017268","0","0.702231970526891"
"LH3","-11.4957750629383","0",NA,"0","-0.212371295971797","-493.229852773827","0.500359240057435"
"LH3","-8.09474533404276","-0.0408231551630632",NA,"0","-0.157041385512924","-860.266387660561","0.657093089969646"
"LH3","-15.3398138084627","-0.0908880168622558",NA,"-0.0291287682106083","-0.256800951021905","-840.871556020589","0.384868693960539"
"LH3","-8.18496192652327","0",NA,"0","-0.160002174982884","-1025.74416956269","0.666299350227732"
"LH3","-7.14197576704432","-0.0305313727284966",NA,"0","-0.141838564143221","-806.441517730302","0.712551808641134"
"LH3","-6.82168263965917","-0.0286524272851193",NA,"0","-0.139028562342323","-977.163187874653","0.736116340278952"
"LH3","-12.2963276476965","0",NA,"0","-0.220477100177633","-186.114419497734","0.496454972631086"
"LH3","-10.3591745930322","-0.0566080718326673",NA,"-0.0229510404233992","-0.178027607920547","-1233.50675610392","0.694245973922873"
"LH3","-10.4913532563396","-0.0542418058821548",NA,"0","-0.18989553792593","-245.740438367784","0.564478961322926"
"LH3","-7.78754398098235","-0.0378317578435796",NA,"-0.0211055546340463","-0.141346973305471","-1300.13576635515","0"
"LH3","-7.54091155680301","-0.0362091758617021",NA,"0","-0.145259052326402","-958.37648642027","0.707409717581494"
"LH3","-9.87408750193905","-0.0563247166628223",NA,"-0.0243560011785232","-0.187012779678762","-948.80175763363","0.571193642675268"
"LH3","-11.3847572362688","-0.0665076859525818",NA,"-0.0260801519914892","-0.211516724632764","-822.808394087083","0"
"LH3","-12.8650248725391","-0.0703484259869021",NA,"0","-0.227692426350199","-462.665814702153","0.45728436336818"
"LH3","-7.22975427199062","-0.0341389944053964",NA,"-0.0209408636523355","0","-1005.42133719778","0.759060343816598"
"LH3","-10.647841481356","-0.0532116791373102",NA,"0","0","168.786431395035","0.525960758161949"
"LH3","0","-0.0718022638543325",NA,"-0.0267491672244418","-0.221102723197108","-775.315895187669","0"
"LH3","-11.071348220596","-0.0560456160481828",NA,"-0.0236356590709781","-0.188571930628323","-901.218940988031","0.589234362501058"
"LH3","-11.9864656047598","-0.072596049597297",NA,"0","-0.22068575665377","-756.322481803921","0.476794795017027"
"LH3","-8.50500015393305","-0.0390632677946676",NA,"-0.0222586895778249","-0.175925626110461","-318.865646650149","0.65718704454048"
"LH3","-10.5657080763889","-0.0593601399414111",NA,"0","-0.195540849110449","-559.547494393488","0.569696400668103"
"LH3","-11.9685293357038","0",NA,"0","-0.212425277806859","-573.529321548901","0.500536606874406"
"LH3","0","-0.0396601048983061",NA,"-0.0214745680614171","-0.148112758909274","-937.268065315001","0.677451466189058"
"LH3","-7.56087557600802","-0.0340693472154169",NA,"0","-0.150457559623656","-715.888123545184","0.687134983160567"
"LH3","-11.5690458725829","-0.0621275212357095",NA,"0","-0.20867486481124","-658.21334400463","0.51130415178701"
"LH3","-17.4546338403049","-0.10199038793225",NA,"-0.0323782356234533","-0.301325564370541","0","0"
"LH3","-9.03818296196317","0",NA,"0","-0.168195859681414","-776.426439710515","0.625896674904547"
"LH3","-10.8131716294121","0",NA,"0","-0.190632716683927","-400.478968456775","0.583596747230096"
"LH3","-11.995267426661","0",NA,"0","-0.223911152475656","-353.790410976106","0.490523428442437"
"LH3","-8.10012169102052","-0.038604762474209",NA,"-0.0256160063983133","-0.16109189707582","-690.290331584499","0.655346738712107"
"LH3","-10.276783532694","0",NA,"0","-0.189027776023711","-797.903100733285","0.566668184893726"
"LH3","-11.7797697352138","-0.0686667412862699",NA,"0","-0.219257165520875","-476.030560078351","0.500553820157553"
"LH3","-9.51192797074317","-0.0511576725236673",NA,"0","-0.175803282575242","-836.17982552988","0.625152571910131"
"LH3","-5.88810221765415","-0.0234597340567457",NA,"0","-0.120173024746038","-1045.38136253111","0.761812314582558"
"LH3","-5.51487658241447","-0.0219363679864344",NA,"-0.0189957860202308","-0.114796360445371","-1018.93259538","0.776905787493458"
"LH3","-7.98317390205333","-0.0430570668126218",NA,"0","-0.162916349211451","-937.862694588151","0.64008004885987"
"LH3","-5.20116332295804","-0.0189462031570991",NA,"0","-0.107262934188113","-1319.80854540026","0.807878333004363"
"LH3","0","-0.038208090433083",NA,"-0.0206082259134225","-0.145964997550905","0","0.707444460872823"
"LH3","-7.64643512729366","-0.0375332564601801",NA,"0","-0.14777495062802","-1036.56617225439","0.700488707283733"
"LH3","-5.91688461469554","-0.0208981997407501",NA,"-0.019536752511539","0","-807.333072734263","0.80956953694664"
"MOW1","-7.83936795431381",NA,"-0.505543885246093","-0.0237664840523868","-0.0971208577948613",NA,NA
"MOW1","-5.17736689926857",NA,"-0.365790116502617","-0.0326667179388638","0",NA,NA
"MOW1","-10.0952102239896",NA,"-0.644650983326772","-0.0231031395297584","-0.0908723186587255",NA,NA
"MOW1","-4.87342748737154",NA,"0","-0.0318840126090763","0",NA,NA
"MOW1","-7.39074640669885",NA,"-0.493673509559711","0","-0.153963436645675",NA,NA
"MOW1","-4.51903463352781",NA,"-0.338434604937221","-0.0313939855700013","0",NA,NA
"MOW1","-5.72641216716227",NA,"-0.410297690887584","-0.0316895475780379","0",NA,NA
"MOW1","-9.93433201563396",NA,"-0.614460568698143","0","-0.111679848138152",NA,NA
"MOW1","-6.51224757716464",NA,"-0.457066248504167","0","-0.216304387653677",NA,NA
"MOW1","-5.20716475147271",NA,"0","0","-0.24432260617755",NA,NA
"MOW1","-8.40774090476719",NA,"-0.546222893681816","-0.0231571821615023","0",NA,NA
"MOW1","-0.952676165998579",NA,"-0.289767651371106","-0.0309677554576556","-0.189652246154098",NA,NA
"MOW1","-7.74711168049241",NA,"-0.500202978654799","-0.0273731670436379","-0.146342211655411",NA,NA
"MOW1","-6.3209087513342",NA,"-0.447823064644697","0","-0.180929833358838",NA,NA
"MOW1","-3.62930745749332",NA,"-0.306245163969114","-0.0336427343637107","0",NA,NA
"MOW1","-6.3415793143966",NA,"-0.428221019294859","0","-0.193924671953178",NA,NA
"MOW1","-1.68036799895955",NA,"-0.188279479189531","-0.0350508371539168","0",NA,NA
"MOW1","-6.09805949429038",NA,"-0.439758674764816","0","-0.201496063977241",NA,NA
"MOW1","1.51916288063726",NA,"-0.0246082185771389","-0.0333370940423055","-0.221511963029977",NA,NA
"MOW1","-3.8155958555243",NA,"0","0","-0.220030087178611",NA,NA
"MOW1","-7.42120596717084",NA,"-0.481079407536","-0.0273304406144248","-0.149962482918578",NA,NA
"MOW1","-6.78362577842028",NA,"0","0","-0.188116430578557",NA,NA
"MOW1","-6.45169018330358",NA,"-0.42923519921967","-0.0308103191906984","0",NA,NA
"MOW1","-10.2056268279556",NA,"-0.627215055520857","0","-0.121738355319991",NA,NA
"MOW1","-5.76005417360984",NA,"-0.409988611658265","0","-0.193718660425723",NA,NA
"MOW1","-8.30679648626589",NA,"-0.531380381943564","-0.0244090593143652","0",NA,NA
"MOW1","-6.02493607224344",NA,"-0.425305955926175","0","-0.171350501540997",NA,NA
"MOW1","-9.50294307824187",NA,"-0.617024948021699","-0.0221645424908392","-0.0769899962494942",NA,NA
"MOW1","-6.94557693090662",NA,"-0.471395764283978","-0.0265519649916654","0",NA,NA
"MOW1","-9.03862430248892",NA,"-0.583959836606548","-0.0217216247457705","-0.0742377346760263",NA,NA
"MOW1","0",NA,"-0.244332485362901","0","-0.237262184212216",NA,NA
"MOW1","0",NA,"-0.340832790121516","0","-0.219482808999784",NA,NA
"MOW1","-13.2294214424523",NA,"-0.820518797201704","-0.0209918522974223","-0.0675455041471949",NA,NA
"MOW1","-8.28669108726523",NA,"-0.565137171078203","-0.0277683162577341","-0.126436656634283",NA,NA
"MOW1","-7.99256355797632",NA,"-0.518956894002676","-0.0294134367690905","-0.136192343357848",NA,NA
"MOW1","-9.5180427191156",NA,"-0.605047080976933","-0.024495387118952","-0.104602017608576",NA,NA
"MOW1","-4.74671958781117",NA,"-0.359887366211977","-0.0321271360710091","-0.195797190406739",NA,NA
"MOW1","-5.19101440895146",NA,"-0.365375480996642","-0.0368136799469594","-0.249316243146375",NA,NA
"MOW1","-4.63540439429507",NA,"-0.340045503269435","0","-0.219358644329607",NA,NA
"MOW1","-4.30770320175209",NA,"0","0","-0.238603284417269",NA,NA
"MOW1","-9.27871670223371",NA,"-0.589417479366621","-0.0185138605612232","-0.0464996344435111",NA,NA
"MOW1","-9.1455656447432",NA,"-0.581274814556608","-0.0234669642084469","0",NA,NA
"MOW1","-11.5987000029775",NA,"-0.71174167733142","-0.0201412965561794","0",NA,NA
"MOW1","-1.09011220205061",NA,"-0.233609781354571","-0.0365531390061342","0",NA,NA
"MOW1","-6.67858677045528",NA,"-0.465319298256953","-0.0325438184088113","-0.165400813039566",NA,NA
"MOW1","-1.07908860326757",NA,"-0.157142008128243","-0.0326298062280606","-0.21054714324819",NA,NA
"MOW1","-5.47191108922579",NA,"-0.406191168364686","-0.0333378216190698","-0.17500096206881",NA,NA
"MOW1","-5.91148321961585",NA,"-0.406128509526159","-0.0294194907337257","-0.171386844593359",NA,NA
"MOW1","0.0497306036877262",NA,"-0.0945731465941187","0","-0.229952475422216",NA,NA
"MOW1","-6.91937551883577",NA,"-0.49132765758633","-0.026754955971304","-0.145070023187145",NA,NA
"MOW1","-8.40374665019254",NA,"-0.55949861390273","-0.0259722102972925","-0.13070771063394",NA,NA
"MOW1","0",NA,"-0.453393969268857","-0.0266401259241214","0",NA,NA
"MOW1","0",NA,"0","0","-0.233690631139264",NA,NA
"MOW1","-6.94543223679067",NA,"-0.474662026065624","-0.0281460835811438","-0.127290372896777",NA,NA
"MOW1","0",NA,"0","-0.0258726197239251","-0.134060241085364",NA,NA
"MOW1","-10.9704111799243",NA,"-0.679186960876822","-0.0172144970780292","-0.0300510513699054",NA,NA
"MOW1","-5.43713139571024",NA,"-0.372332846473757","0","-0.210313957056907",NA,NA
"MOW1","-1.46388943362482",NA,"-0.283727622445175","0","-0.230719763431934",NA,NA
"MOW1","-9.03291895905482",NA,"-0.565347695751156","0","-0.13110287338766",NA,NA
"MOW1","-9.62285061165246",NA,"-0.598485847705995","0","-0.107546145772707",NA,NA
"MOW1","-3.50256454767406",NA,"-0.372064723637142","0","-0.186445258499068",NA,NA
"MOW1","-7.46443145599721",NA,"-0.483472028411606","-0.0267267744335736","-0.122881904427989",NA,NA
"MOW1","0",NA,"0","-0.0357665492957986","-0.238234758394828",NA,NA
"MOW1","-9.39291748205291",NA,"-0.611675586758431","-0.0276275630132817","-0.125054673748027",NA,NA
"MOW1","-7.81800422950595",NA,"-0.538158031829166","-0.0247751969923026","-0.110936485818646",NA,NA
"MOW1","-9.57215476635553",NA,"-0.63137773681228","-0.0240448390416427","-0.102761214149065",NA,NA
"MOW1","-3.70409761193192",NA,"0","-0.0348785314072027","0",NA,NA
"MOW1","-10.5971887326516",NA,"-0.686197292912295","-0.0277978010666179","-0.150369464717942",NA,NA
"MOW1","-5.95520363399358",NA,"-0.411648788775355","-0.0318055563629736","-0.159325470430017",NA,NA
"MOW1","-10.589878228699",NA,"-0.664722969254928","-0.0240412287704167","-0.107323625941171",NA,NA
"MOW1","-8.66614157520346",NA,"-0.565247247837172","-0.0267545929283098","-0.10978307443795",NA,NA
"MOW1","-7.61847165880433",NA,"-0.488403729713203","-0.0287224057524222","-0.157071649755836",NA,NA
"MOW1","-6.66556774518139",NA,"-0.463166841447976","0","-0.18459209831782",NA,NA
"MOW1","-4.19612229291335",NA,"-0.33257960293209","0","-0.19821535343921",NA,NA
"MOW1","-8.04254379986784",NA,"-0.515821777987276","-0.0229485900168501","-0.0837858115901391",NA,NA
"MOW1","1.00996749296289",NA,"-0.0484045987334426","-0.0303439336979437","-0.176732781557621",NA,NA
"MOW1","-6.18907213698091",NA,"-0.413301328600176","0","-0.195040152723734",NA,NA
"MOW1","-7.65538653060582",NA,"-0.518676204583454","0","-0.154910357180122",NA,NA
"MOW1","-6.57276193816781",NA,"-0.456807652492683","-0.0348300100255222","0",NA,NA
"MOW1","-4.02024788399508",NA,"-0.319119790484758","-0.0257450772265653","-0.120298550864232",NA,NA
"MOW1","-5.3090504805354",NA,"-0.400390049184483","-0.0316856305202015","0",NA,NA
"MOW1","-4.97004906328816",NA,"-0.376297226597735","0","-0.188387857106387",NA,NA
"MOW1","-8.75437253214481",NA,"-0.560569279971011","0","-0.118791915127408",NA,NA
"MOW1","-6.67975024722548",NA,"-0.478647705730059","-0.0255592188631888","-0.119496391453035",NA,NA
"MOW1","-6.9468456693705",NA,"-0.496601174137889","-0.0337015371597996","-0.179050791109468",NA,NA
"MOW1","-2.45825382619832",NA,"-0.248429827274885","0","-0.276036970278289",NA,NA
"MOW1","-7.12232043028625",NA,"-0.505697698336205","-0.0283977032280984","0",NA,NA
"MOW1","-4.83516888266389",NA,"-0.38580716890863","-0.0312498251658764","0",NA,NA
"MOW1","-2.21993886413538",NA,"-0.206945488547801","-0.0344067596026644","-0.190619457700605",NA,NA
"MOW1","-6.07657038009355",NA,"-0.432343008265423","-0.0265123182331055","-0.129657892434438",NA,NA
"MOW1","-6.87796982074657",NA,"-0.476256903379965","-0.031701113892875","-0.162280701290801",NA,NA
"MOW1","-4.30467208291516",NA,"-0.3405965731544","-0.0346892186497374","0",NA,NA
"MOW1","-7.52474042116664",NA,"-0.496255122437074","-0.0276847687878894","-0.147636518427379",NA,NA
"MOW1","-9.9108343788114",NA,"-0.649154816580801","-0.0223426767460169","-0.0965416064898426",NA,NA
"MOW1","-9.16764214365238",NA,"-0.591101468107748","-0.0218701483680242","0",NA,NA
"MOW1","-7.53437051916858",NA,"-0.493828739553405","-0.0266875228900308","0",NA,NA
"MOW1","-10.6145316185911",NA,"-0.640319003631235","-0.0210552935008472","-0.0642648704145659",NA,NA
"MOW1","0",NA,"-0.565949063504283","-0.0243291716517097","-0.116443618409351",NA,NA
"MOW1","-9.20186627828237",NA,"-0.611430780864827","-0.027000230030202","-0.112146730845297",NA,NA
"MOW1","-7.93812212915579",NA,"-0.520005968749325","-0.0211993035010738","-0.0717934357410559",NA,NA
"MOW2","-14.3554306583813",NA,"-1.34674234257479","-0.0139342267529386","-0.172565533452842",NA,"0.167896618689345"
"MOW2","0",NA,"-2.00564467876605","-0.0204793127678987","0",NA,"0.198931862259513"
"MOW2","-14.0333626980442",NA,"-1.26631156061169","-0.0133167827993506","-0.162045200048157",NA,"0"
"MOW2","0",NA,"-2.26659572658385","-0.0205700088480532","0",NA,"0.217127281771087"
"MOW2","-16.406628893918",NA,"-1.88130829285221","-0.01933026459334","-0.233824625073441",NA,"0.122115308499602"
"MOW2","0",NA,"-2.22985260697662","-0.020269993007563","0",NA,"0.204770720117649"
"MOW2","0",NA,"-2.23394197598667","-0.0203334595403586","0",NA,"0.174881252248726"
"MOW2","-13.7573791754312",NA,"-1.49525249928857","-0.0170066963956956","-0.191644533871502",NA,"0.0730647705603402"
"MOW2","-21.0878323723767",NA,"-2.45085129798091","-0.0246621817660356","-0.317688459060181",NA,"0.192639393188151"
"MOW2","-22.0932106545843",NA,"-2.70092096267483","0","-0.338360267005961",NA,"0.215300061190557"
"MOW2","-12.5152072505651",NA,"-1.30208758671126","-0.0137591380157804","0",NA,"0.110739759898732"
"MOW2","-20.4956532370841",NA,"-2.13235845732285","-0.020609490452408","-0.280634829908295",NA,"0.286861656009506"
"MOW2","-16.4058724259497",NA,"0","-0.0187235693117279","-0.232733911358297",NA,"0.218687326911938"
"MOW2","-17.9100256142166",NA,"-2.11630411270022","0","-0.262795752935654",NA,"0.147340379095118"
"MOW2","0",NA,"-2.40875205456977","-0.022021431677005","-0.279233853310494",NA,"0.219063627251912"
"MOW2","-18.885523516825",NA,"-2.24156220736604","-0.0246368320108384","-0.279605367299795",NA,"0"
"MOW2","0",NA,"-2.23069155938245","-0.0223443271237217","0",NA,"0.264495371393976"
"MOW2","-19.2993904918399",NA,"0","-0.023589271050432","-0.288488284145818",NA,"0.19412719883892"
"MOW2","0",NA,"0","-0.0253026795633025","0",NA,"0.370147570809704"
"MOW2","-21.0501603902252",NA,"-2.47109306223013","-0.0270239171854491","-0.319413804529696",NA,"0.25030827956112"
"MOW2","-16.365119234637",NA,"0","-0.0186036122644014","-0.231617481445322",NA,"0.155796175256695"
"MOW2","-18.8933823217397",NA,"-2.20503619048985","-0.0223320361302868","-0.276979389818878",NA,"0.168460602151457"
"MOW2","0",NA,"-1.82653286965624","-0.0185460065484651","0",NA,"0.174975145264906"
"MOW2","-14.7062782043138",NA,"-1.60109375338175","-0.0166501927443838","-0.199960520934445",NA,"0.0492641561239058"
"MOW2","-19.6114581798745",NA,"0","-0.0223606047469683","-0.290617880852959",NA,"0.171663213435251"
"MOW2","-13.4703207770992",NA,"-1.41885674501354","-0.0141614030336498","-0.193737922654163",NA,"0.102061979029185"
"MOW2","0",NA,"0","-0.0206920427687304","0",NA,"0.157466182759492"
"MOW2","-12.3421973365109",NA,"-1.18099412537116","-0.013252488430369","-0.151067917015695",NA,"0"
"MOW2","0",NA,"-1.77663922056679","-0.0166533876547415","-0.20447751416077",NA,"0.130211291017088"
"MOW2","-12.3294943175923",NA,"-1.15783994173461","-0.0128360622757264","-0.145591570469792",NA,"0.0756040160235686"
"MOW2","-22.4547184809333",NA,"-2.63991946101365","-0.0281683295839049","-0.342783947629311",NA,"0.231853264530545"
"MOW2","-20.522098976229",NA,"-2.47519084804423","-0.0268580405737786","-0.309530597700656",NA,"0.215756041466203"
"MOW2","0",NA,"-1.1743898513618","-0.0117185061596634","0",NA,"-0.0374577774835907"
"MOW2","0",NA,"-1.59167692334596","-0.0166409791581677","0",NA,"0"
"MOW2","0",NA,"0","-0.0173034115759515","0",NA,"0.103997617107121"
"MOW2","0",NA,"-1.51126389581914","-0.0144476965230228","-0.180414332633121",NA,"0.0717463000087343"
"MOW2","-19.5136013124253",NA,"0","-0.0231715028568523","-0.290821505601648",NA,"0.190478311993022"
"MOW2","-23.1802936102692",NA,"-2.83207630435857","-0.0273459272958832","-0.355988849001056",NA,"0.177594139234146"
"MOW2","-20.5592009050935",NA,"-2.47611795215511","-0.0267892773605408","-0.309888567004824",NA,"0.199781295512844"
"MOW2","-21.7538022148486",NA,"-2.64884343160979","-0.025842767695344","-0.331877425224957",NA,"0.219740261634287"
"MOW2","-9.29040411262717",NA,"-0.856305227578311","-0.0119207384391553","-0.0984136216828077",NA,"0.112801860828119"
"MOW2","-12.7421018072804",NA,"-1.31351030894573","-0.0134681107744337","0",NA,"0.0774077701263339"
"MOW2","-10.1562072276106",NA,"-0.962200374601497","-0.011130676846542","-0.123848405746783",NA,"-0.000885586566176538"
"MOW2","0",NA,"-2.70206595146346","-0.0238442098405186","-0.307093043130566",NA,"0.277300359588747"
"MOW2","0",NA,"-1.98907536099221","-0.0202654267099357","0",NA,"0.159563298189778"
"MOW2","0",NA,"0","-0.0237766822709693","0",NA,"0.285543940311408"
"MOW2","0",NA,"0","-0.0210550432003345","0",NA,"0.185466588298232"
"MOW2","0",NA,"0","-0.0206755881337183","-0.253935564267485",NA,"0.165862380098252"
"MOW2","-21.8762047967164",NA,"0","-0.0258445052249213","-0.333061756205591",NA,"0.309921792125249"
"MOW2","-17.0608331412309",NA,"-1.70577466112087","-0.0168252279516124","-0.222479926238671",NA,"0.167052641382678"
"MOW2","-14.2211226606447",NA,"-1.54804982059031","-0.0154590231935744","-0.211737435331623",NA,"0"
"MOW2","0",NA,"-1.65859932484971","-0.0165469473015946","-0.227744174895843",NA,"0.185925989444746"
"MOW2","-21.8109845498008",NA,"-2.58837547658497","-0.0290351228099998","-0.334505441197546",NA,"0.242520368847203"
"MOW2","0",NA,"0","-0.0174035699995455","0",NA,"0.17842566359476"
"MOW2","-15.21506584324",NA,"0","-0.0174446906739925","-0.211608380530627",NA,"0.194626611755146"
"MOW2","-8.29047042038792",NA,"-0.698916878138344","-0.0104948937168995","-0.08205730654981",NA,"0.0209019043359672"
"MOW2","-20.1164311727917",NA,"-2.40008542257488","-0.0248081951998368","-0.300856042703058",NA,"0.226395922542505"
"MOW2","-21.727709908496",NA,"-2.5666962722674","-0.028587328931634","-0.332023577171901",NA,"0.274397565176977"
"MOW2","-15.0352360183095",NA,"-1.67447823891415","-0.0189616332004811","-0.207915373656092",NA,"0.100901124211122"
"MOW2","-13.4986877103827",NA,"-1.46011316545893","-0.0153585115189686","-0.180208445917021",NA,"0.136900171195291"
"MOW2","0",NA,"0","-0.0218536246801232","0",NA,"0.218569486052853"
"MOW2","0",NA,"-1.75802008918136","-0.0164709440150406","-0.204459055822954",NA,"0.140778015456303"
"MOW2","-22.3662487984476",NA,"-2.72568826266683","0","-0.341839852338236",NA,"0.173918102239796"
"MOW2","0",NA,"-1.57952936819765","-0.0165568394240454","0",NA,"0.0664991697776828"
"MOW2","-15.2943415134247",NA,"-1.46028186368588","-0.0150138803195303","-0.188032683878789",NA,"0.143885871470666"
"MOW2","-14.6946417064868",NA,"-1.38540348511012","-0.0144191461193458","-0.177975670841982",NA,"0.0639438533388276"
"MOW2","0",NA,"-2.22087460633371","-0.0224084787792673","0",NA,"0.259269173929843"
"MOW2","-16.2095740570226",NA,"-1.84244820987086","-0.0189484067861728","-0.228942595386281",NA,"0.0235286817021401"
"MOW2","0",NA,"-1.92614336568584","-0.0198620567341294","0",NA,"0"
"MOW2","-13.7287925934151",NA,"-1.46855636685488","-0.0153203878046207","-0.182618650302343",NA,"0.0504083997773026"
"MOW2","0",NA,"-1.4823147890014","-0.0153695789709233","0",NA,"0.0880224542282442"
"MOW2","-16.86947000732",NA,"-1.92087663902187","-0.0194763456812848","-0.240334303610648",NA,"0.117278720899121"
"MOW2","-18.549014021615",NA,"0","-0.0216551542433077","-0.271665886747368",NA,"0.144634885832911"
"MOW2","0",NA,"-2.35042717851102","-0.0233535372774139","0",NA,"0.212067400785092"
"MOW2","-12.5756799322562",NA,"-1.229855096121","-0.0146062102067638","-0.160159858772129",NA,"0.103360851183182"
"MOW2","-20.0891611061799",NA,"-2.09410640314006","-0.0205033757129185","-0.267015543525828",NA,"0.346021080995664"
"MOW2","-19.193406442642",NA,"-2.26163585928978","-0.0244379198310957","-0.283473923221804",NA,"0.156510131343484"
"MOW2","-16.9724918451572",NA,"0","-0.0193682412820712","-0.24306683956594",NA,"0.126283407909867"
"MOW2","0",NA,"-2.2078110845184","-0.0221371099329494","0",NA,"0.196686266537327"
"MOW2","-14.8255634042318",NA,"-1.56193969973846","-0.0166985786645483","-0.200391436561407",NA,"0.226469753723458"
"MOW2","0",NA,"-2.1907807909141","-0.0199416383614757","-0.25387165488554",NA,"0.184654609548432"
"MOW2","0",NA,"0","-0.0220568695409087","0",NA,"0.186623818023913"
"MOW2","-14.1507738606046",NA,"-1.56023627161559","-0.0166113870709921","-0.192652562829973",NA,"0.107556450353801"
"MOW2","-15.9408304468582",NA,"-1.53911109825758","-0.0156317032342949","-0.198717579009721",NA,"0.148596983786794"
"MOW2","0",NA,"0","-0.0213797508483484","0",NA,"0.197465921508209"
"MOW2","-24.6877820314942",NA,"-3.07847769988346","-0.0327169268004104","-0.386341863970751",NA,"0.276795805012376"
"MOW2","0",NA,"0","-0.017752699671844","0",NA,"0.14236181759471"
"MOW2","0",NA,"-2.1695445814448","-0.0202073052635036","-0.248768084561799",NA,"0.197884225062088"
"MOW2","0",NA,"0","-0.0221660710833625","0",NA,"0.257450565405832"
"MOW2","-16.7524495803937",NA,"-1.66980177642378","-0.0165095689068893","-0.211625445484578",NA,"0.154190712660947"
"MOW2","0",NA,"-1.96495885135144","-0.019622041653554","0",NA,"0.151736706839755"
"MOW2","0",NA,"0","-0.0221740850165482","-0.283313331732911",NA,"0.210007707338521"
"MOW2","-16.0732543803797",NA,"0","-0.0188364170602885","-0.227256816112565",NA,"0.125064037583559"
"MOW2","-13.8887431739359",NA,"-1.23770741893043","-0.0131301878566071","-0.163508327626153",NA,"0.0471004561985304"
"MOW2","-11.5178995183653",NA,"-1.21008557240971","-0.0125483802284981","-0.163874187950671",NA,"0.0696460147761352"
"MOW2","0",NA,"-1.72885409006249","-0.0164453399406294","-0.205220792810978",NA,"0.116270020247983"
"MOW2","-10.8587306473149",NA,"-1.0510750869836","-0.0118285231027895","-0.13618505146217",NA,"0.0585270229804992"
"MOW2","-14.0097383810412",NA,"-1.49199221976079","-0.0160852414657775","-0.190072327246108",NA,"0.166656298694205"
"MOW2","0",NA,"0","-0.0155189307485423","0",NA,"0.0909603706588775"
"MOW2","-11.6003743542947",NA,"-1.10244970216589","-0.012819494213645","-0.141565121570185",NA,"0.154190933490538"
"MOW3",NA,NA,"0","-0.00825853181658738",NA,NA,NA
"MOW3",NA,NA,"-0.889363557917591","-0.00647776863054391",NA,NA,NA
"MOW3",NA,NA,"-0.195126920991916","-0.00982048068599637",NA,NA,NA
"MOW3",NA,NA,"-0.852120716519208","-0.0061754775270999",NA,NA,NA
"MOW3",NA,NA,"-0.835284573113372","-0.00805146752808594",NA,NA,NA
"MOW3",NA,NA,"-0.866007826767105","-0.0061632705946572",NA,NA,NA
"MOW3",NA,NA,"-0.805355253985366","-0.00659583252038227",NA,NA,NA
"MOW3",NA,NA,"-0.541603068762794","-0.00962527676730465",NA,NA,NA
"MOW3",NA,NA,"-1.23486520223313","0",NA,NA,NA
"MOW3",NA,NA,"-1.46278245857571","-0.0066638287902163",NA,NA,NA
"MOW3",NA,NA,"-0.325077640233096","-0.0088071651789383",NA,NA,NA
"MOW3",NA,NA,"-0.828808510753225","0",NA,NA,NA
"MOW3",NA,NA,"-0.748776348921947","0",NA,NA,NA
"MOW3",NA,NA,"-1.08993248044179","-0.00752187466471524",NA,NA,NA
"MOW3",NA,NA,"-0.998425687807815","-0.00562493880580106",NA,NA,NA
"MOW3",NA,NA,"-1.14337103819701","0",NA,NA,NA
"MOW3",NA,NA,"-1.02001408764258","-0.00612169558731671",NA,NA,NA
"MOW3",NA,NA,"0","-0.00720068290419552",NA,NA,NA
"MOW3",NA,NA,"-1.25745286691357","-0.00167497727094357",NA,NA,NA
"MOW3",NA,NA,"0","-0.00565490378736178",NA,NA,NA
"MOW3",NA,NA,"-0.746957606398306","-0.00791111963444514",NA,NA,NA
"MOW3",NA,NA,"-0.999146058217832","-0.00718516804154003",NA,NA,NA
"MOW3",NA,NA,"-0.751637436542549","-0.00724795433395313",NA,NA,NA
"MOW3",NA,NA,"-0.534961897871796","-0.00963425165031643",NA,NA,NA
"MOW3",NA,NA,"0","-0.00665424503137723",NA,NA,NA
"MOW3",NA,NA,"-0.350469524456754","-0.00852661407580785",NA,NA,NA
"MOW3",NA,NA,"0","-0.00699901329464488",NA,NA,NA
"MOW3",NA,NA,"-0.125046503657745","-0.00940654895055845",NA,NA,NA
"MOW3",NA,NA,"-0.556963700660522","-0.00769648697124223",NA,NA,NA
"MOW3",NA,NA,"-0.131969295161386","-0.00913798020362391",NA,NA,NA
"MOW3",NA,NA,"-1.39214660470509","0",NA,NA,NA
"MOW3",NA,NA,"-1.28461784293337","-0.00616501627208703",NA,NA,NA
"MOW3",NA,NA,"-0.179950026411497","-0.0125717842717042",NA,NA,NA
"MOW3",NA,NA,"0","-0.00870066327009399",NA,NA,NA
"MOW3",NA,NA,"-0.609742140428315","-0.00826706144992091",NA,NA,NA
"MOW3",NA,NA,"-0.343899071749914","-0.00932166548916755",NA,NA,NA
"MOW3",NA,NA,"-1.15072651095529","-0.00633648382369891",NA,NA,NA
"MOW3",NA,NA,"-1.57028902028536","-0.00627144701282678",NA,NA,NA
"MOW3",NA,NA,"-1.27281440329446","-0.00611872127056261",NA,NA,NA
"MOW3",NA,NA,"-1.41644864457368","-0.00579823978849798",NA,NA,NA
"MOW3",NA,NA,"0.121735390961355","-0.00941000927282469",NA,NA,NA
"MOW3",NA,NA,"0","-0.00900967782296839",NA,NA,NA
"MOW3",NA,NA,"0.00781191763448961","-0.0108951497327481",NA,NA,NA
"MOW3",NA,NA,"-1.16505691674455","0",NA,NA,NA
"MOW3",NA,NA,"-0.882497965122058","-0.00752630062877095",NA,NA,NA
"MOW3",NA,NA,"-1.1528952069159","-0.00594191559015705",NA,NA,NA
"MOW3",NA,NA,"-1.0280862244581","-0.00666680906027063",NA,NA,NA
"MOW3",NA,NA,"-0.930894795129375","-0.0069694178528102",NA,NA,NA
"MOW3",NA,NA,"0","-0.00243965204951269",NA,NA,NA
"MOW3",NA,NA,"-0.577778567324545","-0.00779409053502173",NA,NA,NA
"MOW3",NA,NA,"-0.455396318891218","-0.00869253833518678",NA,NA,NA
"MOW3",NA,NA,"-0.509208169584578","-0.00757287349989733",NA,NA,NA
"MOW3",NA,NA,"-1.43522312558861","-0.00677756861267812",NA,NA,NA
"MOW3",NA,NA,"-0.672926440532323","-0.00803265490067844",NA,NA,NA
"MOW3",NA,NA,"-0.668562968574522","0",NA,NA,NA
"MOW3",NA,NA,"0.204021600927984","-0.0105335859283928",NA,NA,NA
"MOW3",NA,NA,"-1.17652790471011","0",NA,NA,NA
"MOW3",NA,NA,"-1.38505511037974","0",NA,NA,NA
"MOW3",NA,NA,"-0.671884561137916","-0.00898546375914428",NA,NA,NA
"MOW3",NA,NA,"-0.504517978105659","-0.00951047522546438",NA,NA,NA
"MOW3",NA,NA,"0","0",NA,NA,NA
"MOW3",NA,NA,"-0.531834879938535","-0.00795617727995918",NA,NA,NA
"MOW3",NA,NA,"-1.51166866851271","-0.00806527271825435",NA,NA,NA
"MOW3",NA,NA,"0","-0.00963453815243456",NA,NA,NA
"MOW3",NA,NA,"-0.434764515290764","-0.00850160729119744",NA,NA,NA
"MOW3",NA,NA,"-0.384701239340708","-0.00995703266071381",NA,NA,NA
"MOW3",NA,NA,"-1.0712463821674","-0.0056280082916348",NA,NA,NA
"MOW3",NA,NA,"-0.862961521793199","-0.0105106386194975",NA,NA,NA
"MOW3",NA,NA,"-0.911821883007152","0",NA,NA,NA
"MOW3",NA,NA,"-0.441100786433605","-0.0100663024478078",NA,NA,NA
"MOW3",NA,NA,"-0.477231078173838","-0.0089420066840762",NA,NA,NA
"MOW3",NA,NA,"-0.786389224727216","-0.00792461964058578",NA,NA,NA
"MOW3",NA,NA,"-0.977598078923034","-0.00734759099456441",NA,NA,NA
"MOW3",NA,NA,"-1.17511695090246","-0.00571021052993427",NA,NA,NA
"MOW3",NA,NA,"-0.132611306371588","-0.00818028889512299",NA,NA,NA
"MOW3",NA,NA,"-0.835265775485682","-0.00570669695599932",NA,NA,NA
"MOW3",NA,NA,"-1.08779799290501","-0.00695940335533898",NA,NA,NA
"MOW3",NA,NA,"-0.811402831081629","-0.00813053216863387",NA,NA,NA
"MOW3",NA,NA,"-1.00198472939104","-0.00747429330450235",NA,NA,NA
"MOW3",NA,NA,"-0.677858890937959","-0.00599032411418344",NA,NA,NA
"MOW3",NA,NA,"-0.844900939530948","-0.00670172421239977",NA,NA,NA
"MOW3",NA,NA,"-1.10075454059963","-0.00637109006956633",NA,NA,NA
"MOW3",NA,NA,"-0.585112089348258","-0.00896181419799838",NA,NA,NA
"MOW3",NA,NA,"-0.49056267794292","-0.00779449493150249",NA,NA,NA
"MOW3",NA,NA,"-1.0684100013188","-0.00749992252058556",NA,NA,NA
"MOW3",NA,NA,"0","-0.00474953070855099",NA,NA,NA
"MOW3",NA,NA,"-0.711478842108089","-0.00801229909275391",NA,NA,NA
"MOW3",NA,NA,"-0.8951080754428","-0.00673622875627136",NA,NA,NA
"MOW3",NA,NA,"0","-0.00674316321731988",NA,NA,NA
"MOW3",NA,NA,"-0.545179767801362","-0.0071184004395465",NA,NA,NA
"MOW3",NA,NA,"-0.794098628096244","-0.00769953854644376",NA,NA,NA
"MOW3",NA,NA,"-0.994683165261342","-0.00581106524821764",NA,NA,NA
"MOW3",NA,NA,"-0.770056132611411","-0.00806865809666724",NA,NA,NA
"MOW3",NA,NA,"-0.265147337252857","-0.0101482327944492",NA,NA,NA
"MOW3",NA,NA,"-0.22287527175891","-0.00942450499590711",NA,NA,NA
"MOW3",NA,NA,"-0.494816009699313","-0.00791702010695378",NA,NA,NA
"MOW3",NA,NA,"-0.03503042436668","-0.00985695504421925",NA,NA,NA
"MOW3",NA,NA,"-0.56490347390527","-0.00910530594761132",NA,NA,NA
"MOW3",NA,NA,"-0.503090860130004","-0.00937741523624122",NA,NA,NA
"MOW3",NA,NA,"-0.347442845393831","-0.00854194933218599",NA,NA,NA
